"","SPCODE","SITE_ID","LENGTH_MM","TISSUE","BIOLOGICALS_COMMENTS","SCIENTIFIC_NAME","COMMON_NAME","choose","Species_size","Tube_no"
"1",37228002,"N21.1",898,10084934,"(null)","Genypterus blacodes","Pink Ling","y","Genypterus blacodes",326
"2",37228002,"N21.1",839,10084969,"(null)","Genypterus blacodes","Pink Ling","y","Genypterus blacodes",324
"3",37228002,"N21.1",850,10084963,"(null)","Genypterus blacodes","Pink Ling","y","Genypterus blacodes",329
"4",37228002,"N21.1",883,10084913,"(null)","Genypterus blacodes","Pink Ling","y","Genypterus blacodes",330
"5",37228002,"N21.1",796,10084939,"(null)","Genypterus blacodes","Pink Ling","y","Genypterus blacodes",327
"6",37228002,"N21.1",545,10085167,"(null)","Genypterus blacodes","Pink Ling","y","Genypterus blacodes",328
"7",37228002,"N21.1",608,10084958,"(null)","Genypterus blacodes","Pink Ling","y","Genypterus blacodes",325
"8",37228002,"N21.1",1250,10084943,"(null)","Genypterus blacodes","Pink Ling","y","Genypterus blacodes",331
"9",37228002,"N21.1",1150,10084927,"(null)","Genypterus blacodes","Pink Ling","y","Genypterus blacodes",NA
"10",37228002,"N21.1",930,10085005,"(null)","Genypterus blacodes","Pink Ling","y","Genypterus blacodes",332
"11",37227001,"N21.1",905,10084907,"(null)","Macruronus novaezelandiae","Blue Grenadier","y","Macruronus novaezelandiae",319
"12",37227001,"N21.1",635,10084937,"(null)","Macruronus novaezelandiae","Blue Grenadier","y","Macruronus novaezelandiae",317
"13",37227001,"N21.1",575,10084967,"(null)","Macruronus novaezelandiae","Blue Grenadier","y","Macruronus novaezelandiae",315
"14",37227001,"N21.1",350,10084904,"(null)","Macruronus novaezelandiae","Blue Grenadier","y","Macruronus novaezelandiae",NA
"15",37227001,"N21.1",327,10084965,"(null)","Macruronus novaezelandiae","Blue Grenadier","y","Macruronus novaezelandiae",316
"16",37227001,"N21.1",314,10084875,"(null)","Macruronus novaezelandiae","Blue Grenadier","y","Macruronus novaezelandiae",NA
"17",37227001,"N21.1",342,10084905,"(null)","Macruronus novaezelandiae","Blue Grenadier","y","Macruronus novaezelandiae",NA
"18",37227001,"N21.1",316,10084935,"(null)","Macruronus novaezelandiae","Blue Grenadier","y","Macruronus novaezelandiae",NA
"19",37227001,"N21.1",341,10084876,"(null)","Macruronus novaezelandiae","Blue Grenadier","y","Macruronus novaezelandiae",NA
"20",37227001,"N21.1",331,10084964,"(null)","Macruronus novaezelandiae","Blue Grenadier","y","Macruronus novaezelandiae",318
"21",37439002,"N21.1",428,10085159,"(null)","Rexea solandri","Gemfish","y","Rexea solandri",341
"22",37439002,"N21.1",424,10085069,"(null)","Rexea solandri","Gemfish","y","Rexea solandri",345
"23",37439002,"N21.1",407,10085021,"(null)","Rexea solandri","Gemfish","y","Rexea solandri",343
"24",37439002,"N21.1",410,10084991,"(null)","Rexea solandri","Gemfish","y","Rexea solandri",NA
"25",37445006,"N21.1",499,10085078,"(null)","Seriolella punctata","Silver Warehou","y","Seriolella punctata",335
"26",37445006,"N21.1",393,10085085,"(null)","Seriolella punctata","Silver Warehou","y","Seriolella punctata",NA
"27",37445006,"N21.1",321,10085022,"(null)","Seriolella punctata","Silver Warehou","y","Seriolella punctata",NA
"28",37445006,"N21.1",507,10085065,"(null)","Seriolella punctata","Silver Warehou","y","Seriolella punctata",NA
"29",37445006,"N21.1",358,10085137,"(null)","Seriolella punctata","Silver Warehou","y","Seriolella punctata",342
"30",37445006,"N21.1",369,10085200,"(null)","Seriolella punctata","Silver Warehou","y","Seriolella punctata",NA
"31",37445006,"N21.1",427,10085095,"(null)","Seriolella punctata","Silver Warehou","y","Seriolella punctata",NA
"32",37445006,"N21.1",356,10085098,"(null)","Seriolella punctata","Silver Warehou","y","Seriolella punctata",NA
"33",37445006,"N21.1",344,10084992,"(null)","Seriolella punctata","Silver Warehou","y","Seriolella punctata",NA
"34",37445006,"N21.1",411,10085039,"(null)","Seriolella punctata","Silver Warehou","y","Seriolella punctata",334
"35",37287001,"N21.3",250,10084664,"(null)","Helicolenus percoides","Reef Ocean Perch","y","Helicolenus percoides",314
"36",37287001,"N21.3",206,10084724,"(null)","Helicolenus percoides","Reef Ocean Perch","y","Helicolenus percoides",313
"37",37296001,"N21.3",428,10084924,"(null)","Platycephalus richardsoni","Tiger Flathead","y","Platycephalus richardsoni_lg",NA
"38",37296001,"N21.3",497,10084900,"(null)","Platycephalus richardsoni","Tiger Flathead","y","Platycephalus richardsoni_lg",NA
"39",37296001,"N21.3",330,10084892,"(null)","Platycephalus richardsoni","Tiger Flathead","y","Platycephalus richardsoni_lg",NA
"40",37296001,"N21.3",493,10084950,"(null)","Platycephalus richardsoni","Tiger Flathead","y","Platycephalus richardsoni_lg",347
"41",37296001,"N21.3",449,10084920,"(null)","Platycephalus richardsoni","Tiger Flathead","y","Platycephalus richardsoni_lg",NA
"42",37296001,"N21.3",442,10084715,"(null)","Platycephalus richardsoni","Tiger Flathead","y","Platycephalus richardsoni_lg",NA
"43",37296001,"N21.3",515,10084867,"(null)","Platycephalus richardsoni","Tiger Flathead","y","Platycephalus richardsoni_lg",NA
"44",37296001,"N21.3",438,10084682,"(null)","Platycephalus richardsoni","Tiger Flathead","y","Platycephalus richardsoni_lg",339
"45",37296001,"N21.3",462,10084862,"(null)","Platycephalus richardsoni","Tiger Flathead","y","Platycephalus richardsoni_lg",NA
"46",37296001,"N21.3",379,10084891,"(null)","Platycephalus richardsoni","Tiger Flathead","y","Platycephalus richardsoni_lg",340
"47",37439002,"N21.3",256,10084695,"(null)","Rexea solandri","Gemfish","y","Rexea solandri",346
"48",37439002,"N21.3",264,10084662,"(null)","Rexea solandri","Gemfish","y","Rexea solandri",336
"49",37439002,"N21.3",258,10084639,"(null)","Rexea solandri","Gemfish","y","Rexea solandri",348
"50",37439002,"N21.3",270,10084672,"(null)","Rexea solandri","Gemfish","y","Rexea solandri",344
"51",37439002,"N21.3",269,10084699,"(null)","Rexea solandri","Gemfish","y","Rexea solandri",338
"52",37439002,"N21.3",240,10084670,"(null)","Rexea solandri","Gemfish","y","Rexea solandri",NA
"53",37439002,"N21.3",253,10084640,"(null)","Rexea solandri","Gemfish","y","Rexea solandri",NA
"54",37439002,"N21.3",246,10084730,"(null)","Rexea solandri","Gemfish","y","Rexea solandri",NA
"55",37439002,"N21.3",264,10084701,"(null)","Rexea solandri","Gemfish","y","Rexea solandri",NA
"56",37439002,"N21.3",257,10084668,"(null)","Rexea solandri","Gemfish","y","Rexea solandri",NA
"57",37445006,"N21.3",213,10084636,"(null)","Seriolella punctata","Silver Warehou","y","Seriolella punctata",NA
"58",37445006,"N21.3",220,10084686,"(null)","Seriolella punctata","Silver Warehou","y","Seriolella punctata",NA
"59",37445006,"N21.3",228,10084719,"(null)","Seriolella punctata","Silver Warehou","y","Seriolella punctata",NA
"60",37445006,"N21.3",218,10084729,"(null)","Seriolella punctata","Silver Warehou","y","Seriolella punctata",337
"61",37445006,"N21.3",220,10084691,"(null)","Seriolella punctata","Silver Warehou","y","Seriolella punctata",NA
"62",37445006,"N21.3",221,10084658,"(null)","Seriolella punctata","Silver Warehou","y","Seriolella punctata",NA
"63",37445006,"N21.3",218,10084629,"(null)","Seriolella punctata","Silver Warehou","y","Seriolella punctata",NA
"64",37445006,"N21.3",216,10084633,"(null)","Seriolella punctata","Silver Warehou","y","Seriolella punctata",NA
"65",37445006,"N21.3",221,10084667,"(null)","Seriolella punctata","Silver Warehou","y","Seriolella punctata",NA
"66",37445006,"N21.3",233,10084643,"(null)","Seriolella punctata","Silver Warehou","y","Seriolella punctata",NA
"67",37228002,"N21.3",428,10084921,"(null)","Genypterus blacodes","Pink Ling","y","Genypterus blacodes",333
"68",37445006,"N23.1",309,10083989,"(null)","Seriolella punctata","Silver Warehou","y","Seriolella punctata",375
"69",37445006,"N23.1",310,10083706,"(null)","Seriolella punctata","Silver Warehou","y","Seriolella punctata",377
"70",37445006,"N23.1",319,10083766,"(null)","Seriolella punctata","Silver Warehou","y","Seriolella punctata",NA
"71",37445006,"N23.1",289,10083482,"(null)","Seriolella punctata","Silver Warehou","y","Seriolella punctata",NA
"72",37445006,"N23.1",314,10083760,"(null)","Seriolella punctata","Silver Warehou","y","Seriolella punctata",372
"73",37445006,"N23.1",293,10083997,"(null)","Seriolella punctata","Silver Warehou","y","Seriolella punctata",373
"74",37445006,"N23.1",297,10084454,"(null)","Seriolella punctata","Silver Warehou","y","Seriolella punctata",NA
"75",37445006,"N23.1",303,10084422,"(null)","Seriolella punctata","Silver Warehou","y","Seriolella punctata",374
"76",37445006,"N23.1",318,10084451,"(null)","Seriolella punctata","Silver Warehou","y","Seriolella punctata",NA
"77",37445006,"N23.1",294,10084215,"(null)","Seriolella punctata","Silver Warehou","y","Seriolella punctata",NA
"78",37439002,"N23.1",258,10083777,"(null)","Rexea solandri","Gemfish","y","Rexea solandri",NA
"79",37439002,"N23.1",251,10083805,"(null)","Rexea solandri","Gemfish","y","Rexea solandri",NA
"80",37439002,"N23.1",250,10084274,"(null)","Rexea solandri","Gemfish","y","Rexea solandri",NA
"81",37439002,"N23.1",278,10084216,"(null)","Rexea solandri","Gemfish","y","Rexea solandri",NA
"82",37439002,"N23.1",244,10084218,"(null)","Rexea solandri","Gemfish","y","Rexea solandri",NA
"83",37439002,"N23.1",271,10084220,"(null)","Rexea solandri","Gemfish","y","Rexea solandri",NA
"84",37439002,"N23.1",255,10084276,"(null)","Rexea solandri","Gemfish","y","Rexea solandri",NA
"85",37439002,"N23.1",278,10083715,"(null)","Rexea solandri","Gemfish","y","Rexea solandri",NA
"86",37439002,"N23.1",271,10084037,"(null)","Rexea solandri","Gemfish","y","Rexea solandri",NA
"87",37439002,"N23.1",276,10083974,"(null)","Rexea solandri","Gemfish","y","Rexea solandri",NA
"88",37227001,"N23.1",311,10083851,"(null)","Macruronus novaezelandiae","Blue Grenadier","y","Macruronus novaezelandiae",311
"89",37227001,"N23.1",416,10083824,"(null)","Macruronus novaezelandiae","Blue Grenadier","y","Macruronus novaezelandiae",312
"90",37227001,"N23.1",335,10083821,"(null)","Macruronus novaezelandiae","Blue Grenadier","y","Macruronus novaezelandiae",310
"91",37227001,"N23.1",338,10083915,"(null)","Macruronus novaezelandiae","Blue Grenadier","y","Macruronus novaezelandiae",309
"92",37227001,"N23.1",428,10083847,"(null)","Macruronus novaezelandiae","Blue Grenadier","y","Macruronus novaezelandiae",308
"93",37227001,"N23.1",357,10084482,"(null)","Macruronus novaezelandiae","Blue Grenadier","y","Macruronus novaezelandiae",NA
"94",37227001,"N23.1",330,10083849,"(null)","Macruronus novaezelandiae","Blue Grenadier","y","Macruronus novaezelandiae",NA
"95",37227001,"N23.1",307,10084395,"(null)","Macruronus novaezelandiae","Blue Grenadier","y","Macruronus novaezelandiae",NA
"96",37227001,"N23.1",326,10083817,"(null)","Macruronus novaezelandiae","Blue Grenadier","y","Macruronus novaezelandiae",NA
"97",37227001,"N23.1",447,10083814,"(null)","Macruronus novaezelandiae","Blue Grenadier","y","Macruronus novaezelandiae",NA
"98",37296001,"N23.2",520,10084704,"(null)","Platycephalus richardsoni","Tiger Flathead","y","Platycephalus richardsoni_lg",350
"99",37445006,"N23.2",295,10084683,"(null)","Seriolella punctata","Silver Warehou","y","Seriolella punctata",NA
"100",37445006,"N23.2",253,10084711,"(null)","Seriolella punctata","Silver Warehou","y","Seriolella punctata",358
"101",37445006,"N23.2",276,10083698,"(null)","Seriolella punctata","Silver Warehou","y","Seriolella punctata",NA
"102",37445006,"N23.2",295,10083773,"(null)","Seriolella punctata","Silver Warehou","y","Seriolella punctata",359
"103",37445006,"N23.2",304,10084040,"(null)","Seriolella punctata","Silver Warehou","y","Seriolella punctata",NA
"104",37445006,"N23.2",281,10083918,"(null)","Seriolella punctata","Silver Warehou","y","Seriolella punctata",NA
"105",37445006,"N23.2",308,10083858,"(null)","Seriolella punctata","Silver Warehou","y","Seriolella punctata",355
"106",37228002,"N23.2",573,10084624,"(null)","Genypterus blacodes","Pink Ling","y","Genypterus blacodes",352
"107",37228002,"N23.2",462,10083886,"(null)","Genypterus blacodes","Pink Ling","y","Genypterus blacodes",351
"108",37227001,"N23.2",612,10084535,"(null)","Macruronus novaezelandiae","Blue Grenadier","y","Macruronus novaezelandiae",NA
"109",37227001,"N23.2",438,10084505,"(null)","Macruronus novaezelandiae","Blue Grenadier","y","Macruronus novaezelandiae",NA
"110",37227001,"N23.2",304,10084705,"(null)","Macruronus novaezelandiae","Blue Grenadier","y","Macruronus novaezelandiae",307
"111",37227001,"N23.2",446,10084564,"(null)","Macruronus novaezelandiae","Blue Grenadier","y","Macruronus novaezelandiae",306
"112",37227001,"N23.2",307,10084501,"(null)","Macruronus novaezelandiae","Blue Grenadier","y","Macruronus novaezelandiae",305
"113",37227001,"N23.2",355,10084531,"(null)","Macruronus novaezelandiae","Blue Grenadier","y","Macruronus novaezelandiae",NA
"114",37227001,"N23.2",326,10084561,"(null)","Macruronus novaezelandiae","Blue Grenadier","y","Macruronus novaezelandiae",303
"115",37227001,"N23.2",440,10084591,"(null)","Macruronus novaezelandiae","Blue Grenadier","y","Macruronus novaezelandiae",304
"116",37439002,"N23.2",277,10084537,"(null)","Rexea solandri","Gemfish","y","Rexea solandri",376
"117",37439002,"N23.2",266,10084599,"(null)","Rexea solandri","Gemfish","y","Rexea solandri",NA
"118",37439002,"N23.2",288,10084536,"(null)","Rexea solandri","Gemfish","y","Rexea solandri",NA
"119",37439002,"N23.2",269,10084571,"(null)","Rexea solandri","Gemfish","y","Rexea solandri",NA
"120",37439002,"N23.2",283,10084606,"(null)","Rexea solandri","Gemfish","y","Rexea solandri",NA
"121",37439002,"N23.2",279,10084598,"(null)","Rexea solandri","Gemfish","y","Rexea solandri",379
"122",37439002,"N23.2",277,10084546,"(null)","Rexea solandri","Gemfish","y","Rexea solandri",386
"123",37439002,"N23.2",265,10084573,"(null)","Rexea solandri","Gemfish","y","Rexea solandri",378
"124",37439002,"N23.2",257,10084517,"(null)","Rexea solandri","Gemfish","y","Rexea solandri",NA
"125",37439002,"N23.2",255,10084425,"(null)","Rexea solandri","Gemfish","y","Rexea solandri",NA
"126",37296001,"N23.2",502,10084710,"(null)","Platycephalus richardsoni","Tiger Flathead","y","Platycephalus richardsoni_lg",NA
"127",37296001,"N23.2",513,10084650,"(null)","Platycephalus richardsoni","Tiger Flathead","y","Platycephalus richardsoni_lg",NA
"128",37296001,"N23.2",618,10084540,"(null)","Platycephalus richardsoni","Tiger Flathead","y","Platycephalus richardsoni_lg",349
"129",37296001,"N23.2",550,10084510,"(null)","Platycephalus richardsoni","Tiger Flathead","y","Platycephalus richardsoni_lg",NA
"130",37296001,"N23.2",582,10084706,"(null)","Platycephalus richardsoni","Tiger Flathead","y","Platycephalus richardsoni_lg",NA
"131",37296001,"N23.2",583,10084565,"(null)","Platycephalus richardsoni","Tiger Flathead","y","Platycephalus richardsoni_lg",353
"132",37296001,"N23.2",580,10084592,"(null)","Platycephalus richardsoni","Tiger Flathead","y","Platycephalus richardsoni_lg",NA
"133",37296001,"N23.2",558,10084596,"(null)","Platycephalus richardsoni","Tiger Flathead","y","Platycephalus richardsoni_lg",NA
"134",37296001,"N23.2",558,10084648,"(null)","Platycephalus richardsoni","Tiger Flathead","y","Platycephalus richardsoni_lg",NA
"135",37038004,"N23.3",284,10084192,"(null)","Urolophus paucimaculatus","Sparsely-spotted Stingaree","y","Urolophus paucimaculatus",NA
"136",37038004,"N23.3",288,10084249,"(null)","Urolophus paucimaculatus","Sparsely-spotted Stingaree","y","Urolophus paucimaculatus",290
"137",37038004,"N23.3",338,10084191,"(null)","Urolophus paucimaculatus","Sparsely-spotted Stingaree","y","Urolophus paucimaculatus",293
"138",37038004,"N23.3",353,10084188,"(null)","Urolophus paucimaculatus","Sparsely-spotted Stingaree","y","Urolophus paucimaculatus",292
"139",37038004,"N23.3",275,10084253,"(null)","Urolophus paucimaculatus","Sparsely-spotted Stingaree","y","Urolophus paucimaculatus",291
"140",37445006,"N23.3",241,10084307,"(null)","Seriolella punctata","Silver Warehou","y","Seriolella punctata",356
"141",37445006,"N23.3",261,10084330,"(null)","Seriolella punctata","Silver Warehou","y","Seriolella punctata",NA
"142",37445006,"N23.3",235,10084329,"(null)","Seriolella punctata","Silver Warehou","y","Seriolella punctata",354
"143",37445006,"N23.3",216,10084301,"(null)","Seriolella punctata","Silver Warehou","y","Seriolella punctata",NA
"144",37445006,"N23.3",218,10084323,"(null)","Seriolella punctata","Silver Warehou","y","Seriolella punctata",NA
"145",37445006,"N23.3",241,10084324,"(null)","Seriolella punctata","Silver Warehou","y","Seriolella punctata",357
"146",37445006,"N23.3",224,10084292,"(null)","Seriolella punctata","Silver Warehou","y","Seriolella punctata",NA
"147",37445006,"N23.3",259,10084258,"(null)","Seriolella punctata","Silver Warehou","y","Seriolella punctata",NA
"148",37445006,"N23.3",242,10084288,"(null)","Seriolella punctata","Silver Warehou","y","Seriolella punctata",NA
"149",37445006,"N23.3",262,10084224,"(null)","Seriolella punctata","Silver Warehou","y","Seriolella punctata",NA
"150",37287001,"N23.3",213,10084352,"(null)","Helicolenus percoides","Reef Ocean Perch","y","Helicolenus percoides",NA
"151",37287001,"N23.3",263,10084290,"(null)","Helicolenus percoides","Reef Ocean Perch","y","Helicolenus percoides",NA
"152",37287001,"N23.3",198,10084290,"(null)","Helicolenus percoides","Reef Ocean Perch","y","Helicolenus percoides",NA
"153",37287001,"N23.3",224,10084299,"(null)","Helicolenus percoides","Reef Ocean Perch","y","Helicolenus percoides",301
"154",37287001,"N23.3",250,10084328,"(null)","Helicolenus percoides","Reef Ocean Perch","y","Helicolenus percoides",NA
"155",37287001,"N23.3",267,10084360,"(null)","Helicolenus percoides","Reef Ocean Perch","y","Helicolenus percoides",NA
"156",37287001,"N23.3",209,10084357,"(null)","Helicolenus percoides","Reef Ocean Perch","y","Helicolenus percoides",300
"157",37287001,"N23.3",215,10084337,"(null)","Helicolenus percoides","Reef Ocean Perch","y","Helicolenus percoides",302
"158",37287001,"N23.3",256,10084226,"(null)","Helicolenus percoides","Reef Ocean Perch","y","Helicolenus percoides",299
"159",37287001,"N23.3",207,10084282,"(null)","Helicolenus percoides","Reef Ocean Perch","y","Helicolenus percoides",NA
"160",37287001,"N25.3",156,NA,"whole fish","Helicolenus percoides","Reef Ocean Perch","y","Helicolenus percoides",NA
"161",37439002,"N25.3",281,10084212,"(null)","Rexea solandri","Gemfish","y","Rexea solandri",371
"162",37439002,"N25.3",242,10084187,"(null)","Rexea solandri","Gemfish","y","Rexea solandri",NA
"163",37439002,"N25.3",279,10084277,"(null)","Rexea solandri","Gemfish","y","Rexea solandri",NA
"164",37439002,"N25.3",265,10084178,"(null)","Rexea solandri","Gemfish","y","Rexea solandri",NA
"165",37439002,"N25.3",256,10084238,"(null)","Rexea solandri","Gemfish","y","Rexea solandri",NA
"166",37439002,"N25.3",251,10084206,"(null)","Rexea solandri","Gemfish","y","Rexea solandri",NA
"167",37439002,"N25.3",242,10083860,"(null)","Rexea solandri","Gemfish","y","Rexea solandri",NA
"168",37439002,"N25.3",243,10083966,"(null)","Rexea solandri","Gemfish","y","Rexea solandri",366
"169",37439002,"N25.3",254,10083938,"(null)","Rexea solandri","Gemfish","y","Rexea solandri",380
"170",37439002,"N25.3",236,10084416,"(null)","Rexea solandri","Gemfish","y","Rexea solandri",NA
"171",37038004,"N25.3",338,10084497,"(null)","Urolophus paucimaculatus","Sparsely-spotted Stingaree","y","Urolophus paucimaculatus",NA
"172",37038004,"N25.3",328,10084439,"(null)","Urolophus paucimaculatus","Sparsely-spotted Stingaree","y","Urolophus paucimaculatus",294
"173",37038004,"N25.3",311,10084407,"(null)","Urolophus paucimaculatus","Sparsely-spotted Stingaree","y","Urolophus paucimaculatus",296
"174",37038004,"N25.3",306,10084464,"(null)","Urolophus paucimaculatus","Sparsely-spotted Stingaree","y","Urolophus paucimaculatus",297
"175",37038004,"N25.3",271,10084499,"(null)","Urolophus paucimaculatus","Sparsely-spotted Stingaree","y","Urolophus paucimaculatus",295
"176",37038004,"N25.3",317,10084435,"(null)","Urolophus paucimaculatus","Sparsely-spotted Stingaree","y","Urolophus paucimaculatus",NA
"177",37038004,"N25.3",284,10084495,"(null)","Urolophus paucimaculatus","Sparsely-spotted Stingaree","y","Urolophus paucimaculatus",NA
"178",37038004,"N25.3",272,10083901,"(null)","Urolophus paucimaculatus","Sparsely-spotted Stingaree","y","Urolophus paucimaculatus",NA
"179",37038004,"N25.3",316,10083968,"(null)","Urolophus paucimaculatus","Sparsely-spotted Stingaree","y","Urolophus paucimaculatus",NA
"180",37038004,"N25.3",281,10084476,"(null)","Urolophus paucimaculatus","Sparsely-spotted Stingaree","y","Urolophus paucimaculatus",NA
"181",37330014,"N25.3",225,10083874,"(null)","Sillago flindersi","Eastern School Whiting","y","Sillago flindersi",NA
"182",37330014,"N25.3",183,10084412,"(null)","Sillago flindersi","Eastern School Whiting","y","Sillago flindersi",NA
"183",37330014,"N25.3",181,10084475,"(null)","Sillago flindersi","Eastern School Whiting","y","Sillago flindersi",390
"184",37330014,"N25.3",171,10084472,"(null)","Sillago flindersi","Eastern School Whiting","y","Sillago flindersi",NA
"185",37330014,"N25.3",172,10084443,"(null)","Sillago flindersi","Eastern School Whiting","y","Sillago flindersi",NA
"186",37330014,"N25.3",195,10084410,"(null)","Sillago flindersi","Eastern School Whiting","y","Sillago flindersi",NA
"187",37330014,"N25.3",166,10084408,"(null)","Sillago flindersi","Eastern School Whiting","y","Sillago flindersi",382
"188",37330014,"N25.3",186,10084404,"(null)","Sillago flindersi","Eastern School Whiting","y","Sillago flindersi",NA
"189",37330014,"N25.3",189,10084384,"(null)","Sillago flindersi","Eastern School Whiting","y","Sillago flindersi",NA
"190",37330014,"N25.3",197,10084409,"(null)","Sillago flindersi","Eastern School Whiting","y","Sillago flindersi",389
"191",37296001,"N25.3",400,10084480,"(null)","Platycephalus richardsoni","Tiger Flathead","y","Platycephalus richardsoni_lg",NA
"192",37296001,"N25.3",364,10084478,"(null)","Platycephalus richardsoni","Tiger Flathead","y","Platycephalus richardsoni_lg",NA
"193",37296001,"N25.3",298,10084449,"(null)","Platycephalus richardsoni","Tiger Flathead","y","Platycephalus richardsoni_sm",384
"194",37296001,"N25.3",451,10084414,"(null)","Platycephalus richardsoni","Tiger Flathead","y","Platycephalus richardsoni_lg",385
"195",37296001,"N25.3",402,10083701,"(null)","Platycephalus richardsoni","Tiger Flathead","y","Platycephalus richardsoni_lg",387
"196",37296001,"N25.3",429,10084411,"(null)","Platycephalus richardsoni","Tiger Flathead","y","Platycephalus richardsoni_lg",388
"197",37296001,"N25.3",282,10084444,"(null)","Platycephalus richardsoni","Tiger Flathead","y","Platycephalus richardsoni_sm",381
"198",37296001,"N25.3",295,10084417,"(null)","Platycephalus richardsoni","Tiger Flathead","y","Platycephalus richardsoni_sm",383
"199",37296001,"N25.3",327,10084239,"(null)","Platycephalus richardsoni","Tiger Flathead","y","Platycephalus richardsoni_lg",NA
"200",37296001,"N25.3",459,10083830,"(null)","Platycephalus richardsoni","Tiger Flathead","y","Platycephalus richardsoni_lg",NA
"201",37439002,"N27.1",266,10083939,"(null)","Rexea solandri","Gemfish","y","Rexea solandri",NA
"202",37439002,"N27.1",286,10083999,"(null)","Rexea solandri","Gemfish","y","Rexea solandri",243
"203",37439002,"N27.1",264,10083872,"(null)","Rexea solandri","Gemfish","y","Rexea solandri",244
"204",37439002,"N27.1",264,10083900,"(null)","Rexea solandri","Gemfish","y","Rexea solandri",242
"205",37439002,"N27.1",264,10083840,"(null)","Rexea solandri","Gemfish","y","Rexea solandri",NA
"206",37439002,"N27.1",241,10083845,"(null)","Rexea solandri","Gemfish","y","Rexea solandri",NA
"207",37439002,"N27.1",260,10084001,"(null)","Rexea solandri","Gemfish","y","Rexea solandri",NA
"208",37439002,"N27.1",276,10084176,"(null)","Rexea solandri","Gemfish","y","Rexea solandri",NA
"209",37439002,"N27.1",250,10083920,"(null)","Rexea solandri","Gemfish","y","Rexea solandri",NA
"210",37296001,"N27.1",392,10084049,"(null)","Platycephalus richardsoni","Tiger Flathead","y","Platycephalus richardsoni_lg",238
"211",37445006,"N27.1",227,10084031,"(null)","Seriolella punctata","Silver Warehou","y","Seriolella punctata",246
"212",37445006,"N27.2",220,10083863,"(null)","Seriolella punctata","Silver Warehou","y","Seriolella punctata",NA
"213",37445006,"N27.2",203,10084241,"(null)","Seriolella punctata","Silver Warehou","y","Seriolella punctata",NA
"214",37445006,"N27.2",200,10084170,"(null)","Seriolella punctata","Silver Warehou","y","Seriolella punctata",248
"215",37445006,"N27.2",199,10084263,"(null)","Seriolella punctata","Silver Warehou","y","Seriolella punctata",247
"216",37445006,"N27.2",191,10084260,"(null)","Seriolella punctata","Silver Warehou","y","Seriolella punctata",NA
"217",37445006,"N27.2",197,10084235,"(null)","Seriolella punctata","Silver Warehou","y","Seriolella punctata",NA
"218",37445006,"N27.2",193,10084202,"(null)","Seriolella punctata","Silver Warehou","y","Seriolella punctata",245
"219",37445006,"N27.2",196,10083861,"(null)","Seriolella punctata","Silver Warehou","y","Seriolella punctata",NA
"220",37296001,"N27.2",401,10084046,"(null)","Platycephalus richardsoni","Tiger Flathead","y","Platycephalus richardsoni_lg",289
"221",37296001,"N27.2",337,10084231,"(null)","Platycephalus richardsoni","Tiger Flathead","y","Platycephalus richardsoni_lg",288
"222",37439002,"N27.2",270,10084264,"(null)","Rexea solandri","Gemfish","y","Rexea solandri",239
"223",37227001,"N31.1",435,10084006,"(null)","Macruronus novaezelandiae","Blue Grenadier","y","Macruronus novaezelandiae",287
"224",37227001,"N31.1",400,10083581,"(null)","Macruronus novaezelandiae","Blue Grenadier","y","Macruronus novaezelandiae",NA
"225",37227001,"N31.1",416,10083894,"(null)","Macruronus novaezelandiae","Blue Grenadier","y","Macruronus novaezelandiae",278
"226",37227001,"N31.1",327,10083837,"(null)","Macruronus novaezelandiae","Blue Grenadier","y","Macruronus novaezelandiae",277
"227",37227001,"N31.1",419,10083965,"(null)","Macruronus novaezelandiae","Blue Grenadier","y","Macruronus novaezelandiae",NA
"228",37227001,"N31.1",285,10084057,"(null)","Macruronus novaezelandiae","Blue Grenadier","y","Macruronus novaezelandiae",275
"229",37227001,"N31.1",418,10084147,"(null)","Macruronus novaezelandiae","Blue Grenadier","y","Macruronus novaezelandiae",273
"230",37227001,"N31.1",412,10083667,"(null)","Macruronus novaezelandiae","Blue Grenadier","y","Macruronus novaezelandiae",279
"231",37227001,"N31.1",419,10083995,"(null)","Macruronus novaezelandiae","Blue Grenadier","y","Macruronus novaezelandiae",NA
"232",37227001,"N31.1",340,10084270,"(null)","Macruronus novaezelandiae","Blue Grenadier","y","Macruronus novaezelandiae",283
"233",37439002,"N31.1",380,10084041,"(null)","Rexea solandri","Gemfish","y","Rexea solandri",362
"234",37439002,"N31.1",260,10083947,"(null)","Rexea solandri","Gemfish","y","Rexea solandri",368
"235",37439002,"N31.1",262,10084315,"(null)","Rexea solandri","Gemfish","y","Rexea solandri",NA
"236",37439002,"N31.1",265,10083637,"(null)","Rexea solandri","Gemfish","y","Rexea solandri",NA
"237",37439002,"N31.1",242,10084311,"(null)","Rexea solandri","Gemfish","y","Rexea solandri",NA
"238",37439002,"N31.1",239,10083925,"(null)","Rexea solandri","Gemfish","y","Rexea solandri",NA
"239",37439002,"N31.1",257,10083838,"(null)","Rexea solandri","Gemfish","y","Rexea solandri",NA
"240",37439002,"N31.1",249,10083928,"(null)","Rexea solandri","Gemfish","y","Rexea solandri",236
"241",37439002,"N31.1",261,10083986,"(null)","Rexea solandri","Gemfish","y","Rexea solandri",233
"242",37439002,"N31.1",256,10083867,"(null)","Rexea solandri","Gemfish","y","Rexea solandri",232
"243",37228002,"N31.1",495,10083865,"(null)","Genypterus blacodes","Pink Ling","y","Genypterus blacodes",364
"244",37228002,"N31.2",930,10084333,"(null)","Genypterus blacodes","Pink Ling","y","Genypterus blacodes",369
"245",37228002,"N31.2",658,10084372,"(null)","Genypterus blacodes","Pink Ling","y","Genypterus blacodes",365
"246",37228002,"N31.2",795,10084310,"(null)","Genypterus blacodes","Pink Ling","y","Genypterus blacodes",NA
"247",37228002,"N31.2",603,10084371,"(null)","Genypterus blacodes","Pink Ling","y","Genypterus blacodes",367
"248",37439002,"N31.2",280,10084081,"(null)","Rexea solandri","Gemfish","y","Rexea solandri",363
"249",37227001,"N31.2",418,10083975,"(null)","Macruronus novaezelandiae","Blue Grenadier","y","Macruronus novaezelandiae",234
"250",37227001,"N31.2",460,10084036,"(null)","Macruronus novaezelandiae","Blue Grenadier","y","Macruronus novaezelandiae",235
"251",37227001,"N31.2",420,10083977,"(null)","Macruronus novaezelandiae","Blue Grenadier","y","Macruronus novaezelandiae",282
"252",37227001,"N31.2",596,10084032,"(null)","Macruronus novaezelandiae","Blue Grenadier","y","Macruronus novaezelandiae",276
"253",37227001,"N31.2",622,10083945,"(null)","Macruronus novaezelandiae","Blue Grenadier","y","Macruronus novaezelandiae",NA
"254",37227001,"N31.2",475,10084143,"(null)","Macruronus novaezelandiae","Blue Grenadier","y","Macruronus novaezelandiae",274
"255",37227001,"N31.2",410,10084348,"(null)","Macruronus novaezelandiae","Blue Grenadier","y","Macruronus novaezelandiae",285
"256",37227001,"N31.2",420,10083610,"(null)","Macruronus novaezelandiae","Blue Grenadier","y","Macruronus novaezelandiae",284
"257",37227001,"N31.2",436,10083949,"(null)","Macruronus novaezelandiae","Blue Grenadier","y","Macruronus novaezelandiae",280
"258",37227001,"N31.2",329,10084347,"(null)","Macruronus novaezelandiae","Blue Grenadier","y","Macruronus novaezelandiae",281
"259",37445006,"N31.3",264,10084376,"(null)","Seriolella punctata","Silver Warehou","y","Seriolella punctata",286
"260",37445006,"N31.3",258,10084021,"(null)","Seriolella punctata","Silver Warehou","y","Seriolella punctata",241
"261",37445006,"N31.3",277,10083931,"(null)","Seriolella punctata","Silver Warehou","y","Seriolella punctata",240
"262",37296001,"N31.3",529,10083716,"(null)","Platycephalus richardsoni","Tiger Flathead","y","Platycephalus richardsoni_lg",231
"263",37296001,"N31.3",550,10083774,"(null)","Platycephalus richardsoni","Tiger Flathead","y","Platycephalus richardsoni_lg",230
"264",37296001,"N31.3",487,10083719,"(null)","Platycephalus richardsoni","Tiger Flathead","y","Platycephalus richardsoni_lg",NA
"265",37296001,"N31.3",501,10083806,"(null)","Platycephalus richardsoni","Tiger Flathead","y","Platycephalus richardsoni_lg",NA
"266",37296001,"N31.3",578,10083993,"(null)","Platycephalus richardsoni","Tiger Flathead","y","Platycephalus richardsoni_lg",237
"267",37296001,"N31.3",488,10084023,"(null)","Platycephalus richardsoni","Tiger Flathead","y","Platycephalus richardsoni_lg",NA
"268",37296001,"N31.3",576,10084020,"(null)","Platycephalus richardsoni","Tiger Flathead","y","Platycephalus richardsoni_lg",NA
"269",37445006,"N33.1",262,10081901,"(null)","Seriolella punctata","Silver Warehou","y","Seriolella punctata",169
"270",37445006,"N33.1",255,10081949,"(null)","Seriolella punctata","Silver Warehou","y","Seriolella punctata",NA
"271",37445006,"N33.1",212,10081878,"(null)","Seriolella punctata","Silver Warehou","y","Seriolella punctata",NA
"272",37445006,"N33.1",249,10081931,"(null)","Seriolella punctata","Silver Warehou","y","Seriolella punctata",NA
"273",37445006,"N33.1",261,10082345,"(null)","Seriolella punctata","Silver Warehou","y","Seriolella punctata",NA
"274",37445006,"N33.1",249,10082344,"(null)","Seriolella punctata","Silver Warehou","y","Seriolella punctata",NA
"275",37445006,"N33.1",220,10081883,"(null)","Seriolella punctata","Silver Warehou","y","Seriolella punctata",179
"276",37445006,"N33.1",213,10081897,"(null)","Seriolella punctata","Silver Warehou","y","Seriolella punctata",NA
"277",37445006,"N33.1",242,10081365,"(null)","Seriolella punctata","Silver Warehou","y","Seriolella punctata",NA
"278",37445006,"N33.1",215,10081918,"(null)","Seriolella punctata","Silver Warehou","y","Seriolella punctata",NA
"279",37296001,"N33.1",340,10082475,"TRAWL  No 2","Platycephalus richardsoni","Tiger Flathead","y","Platycephalus richardsoni_lg",177
"280",37296001,"N33.1",399,10082900,"(null)","Platycephalus richardsoni","Tiger Flathead","y","Platycephalus richardsoni_lg",178
"281",37296001,"N33.1",418,10082696,"(null)","Platycephalus richardsoni","Tiger Flathead","y","Platycephalus richardsoni_lg",168
"282",37439002,"N33.1",252,10081886,"(null)","Rexea solandri","Gemfish","y","Rexea solandri",NA
"283",37439002,"N33.1",254,10082325,"(null)","Rexea solandri","Gemfish","y","Rexea solandri",173
"284",37439002,"N33.1",254,10081328,"(null)","Rexea solandri","Gemfish","y","Rexea solandri",175
"285",37439002,"N33.1",284,10082318,"(null)","Rexea solandri","Gemfish","y","Rexea solandri",NA
"286",37439002,"N33.1",283,10082289,"(null)","Rexea solandri","Gemfish","y","Rexea solandri",NA
"287",37439002,"N33.1",269,10082461,"(null)","Rexea solandri","Gemfish","y","Rexea solandri",192
"288",37439002,"N33.1",287,10082348,"(null)","Rexea solandri","Gemfish","y","Rexea solandri",NA
"289",37439002,"N33.1",254,10082839,"(null)","Rexea solandri","Gemfish","y","Rexea solandri",174
"290",37439002,"N33.1",247,10082853,"(null)","Rexea solandri","Gemfish","y","Rexea solandri",193
"291",37038004,"N33.1",327,10081873,"(null)","Urolophus paucimaculatus","Sparsely-spotted Stingaree","y","Urolophus paucimaculatus",NA
"292",37038004,"N33.1",320,10081908,"(null)","Urolophus paucimaculatus","Sparsely-spotted Stingaree","y","Urolophus paucimaculatus",NA
"293",37038004,"N33.1",336,10081887,"(null)","Urolophus paucimaculatus","Sparsely-spotted Stingaree","y","Urolophus paucimaculatus",167
"294",37228002,"N33.1",376,10082855,"(null)","Genypterus blacodes","Pink Ling","y","Genypterus blacodes",180
"295",37287001,"N33.2",232,10082381,"(null)","Helicolenus percoides","Reef Ocean Perch","y","Helicolenus percoides",NA
"296",37287001,"N33.2",245,10082997,"(null)","Helicolenus percoides","Reef Ocean Perch","y","Helicolenus percoides",NA
"297",37287001,"N33.2",216,10082867,"(null)","Helicolenus percoides","Reef Ocean Perch","y","Helicolenus percoides",185
"298",37287001,"N33.2",220,10082420,"(null)","Helicolenus percoides","Reef Ocean Perch","y","Helicolenus percoides",NA
"299",37287001,"N33.2",183,10082850,"(null)","Helicolenus percoides","Reef Ocean Perch","y","Helicolenus percoides",186
"300",37287001,"N33.2",204,10082440,"(null)","Helicolenus percoides","Reef Ocean Perch","y","Helicolenus percoides",188
"301",37287001,"N33.2",182,10082406,"(null)","Helicolenus percoides","Reef Ocean Perch","y","Helicolenus percoides",187
"302",37287001,"N33.2",180,10082347,"(null)","Helicolenus percoides","Reef Ocean Perch","y","Helicolenus percoides",NA
"303",37287001,"N33.2",164,10082377,"(null)","Helicolenus percoides","Reef Ocean Perch","y","Helicolenus percoides",NA
"304",37287001,"N33.2",129,10082868,"(null)","Helicolenus percoides","Reef Ocean Perch","y","Helicolenus percoides",NA
"305",37038004,"N33.2",376,10082301,"(null)","Urolophus paucimaculatus","Sparsely-spotted Stingaree","y","Urolophus paucimaculatus",165
"306",37296001,"N33.2",354,10082967,"(null)","Platycephalus richardsoni","Tiger Flathead","y","Platycephalus richardsoni_lg",183
"307",37296001,"N33.2",321,10082360,"(null)","Platycephalus richardsoni","Tiger Flathead","y","Platycephalus richardsoni_lg",NA
"308",37296001,"N33.2",413,10082991,"(null)","Platycephalus richardsoni","Tiger Flathead","y","Platycephalus richardsoni_lg",184
"309",37296001,"N33.2",478,10082373,"(null)","Platycephalus richardsoni","Tiger Flathead","y","Platycephalus richardsoni_lg",NA
"310",37296001,"N33.2",455,10082465,"(null)","Platycephalus richardsoni","Tiger Flathead","y","Platycephalus richardsoni_lg",182
"311",37228002,"N33.2",473,10082351,"(null)","Genypterus blacodes","Pink Ling","y","Genypterus blacodes",181
"312",37439002,"N33.2",269,10081982,"(null)","Rexea solandri","Gemfish","y","Rexea solandri",NA
"313",37439002,"N33.2",282,10082474,"(null)","Rexea solandri","Gemfish","y","Rexea solandri",NA
"314",37439002,"N33.2",302,10082994,"(null)","Rexea solandri","Gemfish","y","Rexea solandri",190
"315",37439002,"N33.2",279,10082822,"(null)","Rexea solandri","Gemfish","y","Rexea solandri",191
"316",37439002,"N33.2",276,10083381,"(null)","Rexea solandri","Gemfish","y","Rexea solandri",189
"317",37439002,"N33.2",280,NA,"tissue lost","Rexea solandri","Gemfish","y","Rexea solandri",NA
"318",37439002,"N33.2",264,10083443,"(null)","Rexea solandri","Gemfish","y","Rexea solandri",NA
"319",37439002,"N33.2",262,10083383,"(null)","Rexea solandri","Gemfish","y","Rexea solandri",NA
"320",37439002,"N33.2",265,10082824,"(null)","Rexea solandri","Gemfish","y","Rexea solandri",NA
"321",37439002,"N33.2",247,10082408,"(null)","Rexea solandri","Gemfish","y","Rexea solandri",NA
"322",37465006,"N33.3",352,10082432,"(null)","Nelusetta ayraud","Ocean Jacket","y","Nelusetta ayraud",176
"323",37296001,"N33.3",494,10082856,"(null)","Platycephalus richardsoni","Tiger Flathead","y","Platycephalus richardsoni_lg",198
"324",37296001,"N33.3",611,10082891,"(null)","Platycephalus richardsoni","Tiger Flathead","y","Platycephalus richardsoni_lg",199
"325",37296001,"N33.3",483,10083385,"(null)","Platycephalus richardsoni","Tiger Flathead","y","Platycephalus richardsoni_lg",NA
"326",37296001,"N33.3",461,10083386,"(null)","Platycephalus richardsoni","Tiger Flathead","y","Platycephalus richardsoni_lg",NA
"327",37296001,"N33.3",421,10082871,"(null)","Platycephalus richardsoni","Tiger Flathead","y","Platycephalus richardsoni_lg",200
"328",37296001,"N33.3",387,10081327,"(null)","Platycephalus richardsoni","Tiger Flathead","y","Platycephalus richardsoni_lg",NA
"329",37296001,"N33.3",439,10082391,"(null)","Platycephalus richardsoni","Tiger Flathead","y","Platycephalus richardsoni_lg",NA
"330",37296001,"N33.3",478,10082660,"(null)","Platycephalus richardsoni","Tiger Flathead","y","Platycephalus richardsoni_lg",NA
"331",37296001,"N33.3",485,10081867,"(null)","Platycephalus richardsoni","Tiger Flathead","y","Platycephalus richardsoni_lg",NA
"332",37439002,"N33.3",267,10082860,"(null)","Rexea solandri","Gemfish","y","Rexea solandri",172
"333",37439002,"N33.3",254,10081189,"(null)","Rexea solandri","Gemfish","y","Rexea solandri",171
"334",37439002,"N33.3",260,10082844,"(null)","Rexea solandri","Gemfish","y","Rexea solandri",170
"335",37439002,"N33.3",243,10081116,"(null)","Rexea solandri","Gemfish","y","Rexea solandri",NA
"336",37439002,"N33.3",266,10082890,"(null)","Rexea solandri","Gemfish","y","Rexea solandri",NA
"337",37439002,"N33.3",259,10082884,"(null)","Rexea solandri","Gemfish","y","Rexea solandri",NA
"338",37439002,"N33.3",253,10082966,"gonad lost","Rexea solandri","Gemfish","y","Rexea solandri",NA
"339",37439002,"N33.3",258,10082491,"(null)","Rexea solandri","Gemfish","y","Rexea solandri",NA
"340",37439002,"N33.3",272,10082859,"(null)","Rexea solandri","Gemfish","y","Rexea solandri",NA
"341",37038004,"N33.3",368,10082476,"(null)","Urolophus paucimaculatus","Sparsely-spotted Stingaree","y","Urolophus paucimaculatus",NA
"342",37038004,"N33.3",353,10082477,"(null)","Urolophus paucimaculatus","Sparsely-spotted Stingaree","y","Urolophus paucimaculatus",NA
"343",37038004,"N33.3",302,10082463,"(null)","Urolophus paucimaculatus","Sparsely-spotted Stingaree","y","Urolophus paucimaculatus",NA
"344",37038004,"N33.3",336,10082478,"2 pups","Urolophus paucimaculatus","Sparsely-spotted Stingaree","y","Urolophus paucimaculatus",NA
"345",37038004,"N33.3",330,10082421,"(null)","Urolophus paucimaculatus","Sparsely-spotted Stingaree","y","Urolophus paucimaculatus",166
"346",37038004,"N33.3",331,10082493,"(null)","Urolophus paucimaculatus","Sparsely-spotted Stingaree","y","Urolophus paucimaculatus",NA
"347",37038004,"N33.3",370,10082492,"(null)","Urolophus paucimaculatus","Sparsely-spotted Stingaree","y","Urolophus paucimaculatus",NA
"348",37038004,"N33.3",325,10081917,"(null)","Urolophus paucimaculatus","Sparsely-spotted Stingaree","y","Urolophus paucimaculatus",163
"349",37038004,"N33.3",359,10082508,"(null)","Urolophus paucimaculatus","Sparsely-spotted Stingaree","y","Urolophus paucimaculatus",164
"350",37038004,"N33.3",365,10082507,"(null)","Urolophus paucimaculatus","Sparsely-spotted Stingaree","y","Urolophus paucimaculatus",NA
"351",37465006,"N35.1",220,10083530,"(null)","Nelusetta ayraud","Ocean Jacket","y","Nelusetta ayraud",219
"352",37296001,"N35.1",250,10083407,"(null)","Platycephalus richardsoni","Tiger Flathead","y","Platycephalus richardsoni_sm",NA
"353",37296001,"N35.1",239,10083379,"(null)","Platycephalus richardsoni","Tiger Flathead","y","Platycephalus richardsoni_sm",208
"354",37296001,"N35.1",248,10084117,"(null)","Platycephalus richardsoni","Tiger Flathead","y","Platycephalus richardsoni_sm",207
"355",37296001,"N35.1",342,10084090,"(null)","Platycephalus richardsoni","Tiger Flathead","y","Platycephalus richardsoni_lg",202
"356",37296001,"N35.1",320,10083434,"(null)","Platycephalus richardsoni","Tiger Flathead","y","Platycephalus richardsoni_lg",201
"357",37296001,"N35.1",218,10084087,"(null)","Platycephalus richardsoni","Tiger Flathead","y","Platycephalus richardsoni_sm",NA
"358",37296001,"N35.1",220,10083497,"(null)","Platycephalus richardsoni","Tiger Flathead","y","Platycephalus richardsoni_sm",209
"359",37296001,"N35.1",303,10083464,"(null)","Platycephalus richardsoni","Tiger Flathead","y","Platycephalus richardsoni_lg",218
"360",37296001,"N35.1",229,10083522,"(null)","Platycephalus richardsoni","Tiger Flathead","y","Platycephalus richardsoni_sm",NA
"361",37296001,"N35.1",188,10083554,"(null)","Platycephalus richardsoni","Tiger Flathead","y","Platycephalus richardsoni_sm",NA
"362",37228002,"N35.1",423,10083552,"(null)","Genypterus blacodes","Pink Ling","y","Genypterus blacodes",263
"363",37038004,"N35.1",304,10083361,"(null)","Urolophus paucimaculatus","Sparsely-spotted Stingaree","y","Urolophus paucimaculatus",196
"364",37038004,"N35.1",347,10083391,"pupps","Urolophus paucimaculatus","Sparsely-spotted Stingaree","y","Urolophus paucimaculatus",197
"365",37038004,"N35.1",356,10083364,"pupps","Urolophus paucimaculatus","Sparsely-spotted Stingaree","y","Urolophus paucimaculatus",195
"366",37038004,"N35.1",309,10083392,"(null)","Urolophus paucimaculatus","Sparsely-spotted Stingaree","y","Urolophus paucimaculatus",NA
"367",37038004,"N35.1",310,10083394,"(null)","Urolophus paucimaculatus","Sparsely-spotted Stingaree","y","Urolophus paucimaculatus",NA
"368",37038004,"N35.1",302,10083450,"(null)","Urolophus paucimaculatus","Sparsely-spotted Stingaree","y","Urolophus paucimaculatus",NA
"369",37038004,"N35.1",334,10083513,"(null)","Urolophus paucimaculatus","Sparsely-spotted Stingaree","y","Urolophus paucimaculatus",NA
"370",37038004,"N35.1",315,10083511,"(null)","Urolophus paucimaculatus","Sparsely-spotted Stingaree","y","Urolophus paucimaculatus",NA
"371",37038004,"N35.1",320,10083456,"(null)","Urolophus paucimaculatus","Sparsely-spotted Stingaree","y","Urolophus paucimaculatus",194
"372",37439002,"N35.1",255,10083491,"(null)","Rexea solandri","Gemfish","y","Rexea solandri",271
"373",37439002,"N35.1",248,10083516,"(null)","Rexea solandri","Gemfish","y","Rexea solandri",269
"374",37439002,"N35.1",274,10083549,"(null)","Rexea solandri","Gemfish","y","Rexea solandri",270
"375",37445006,"N35.1",213,10083488,"(null)","Seriolella punctata","Silver Warehou","y","Seriolella punctata",NA
"376",37287001,"N35.1",211,10083437,"(null)","Helicolenus percoides","Reef Ocean Perch","y","Helicolenus percoides",NA
"377",37287001,"N35.1",210,10083410,"(null)","Helicolenus percoides","Reef Ocean Perch","y","Helicolenus percoides",260
"378",37287001,"N35.1",161,10083363,"(null)","Helicolenus percoides","Reef Ocean Perch","y","Helicolenus percoides",259
"379",37287001,"N35.1",158,10083438,"(null)","Helicolenus percoides","Reef Ocean Perch","y","Helicolenus percoides",258
"380",37287001,"N35.1",155,10083420,"(null)","Helicolenus percoides","Reef Ocean Perch","y","Helicolenus percoides",NA
"381",37287001,"N35.1",158,10083423,"(null)","Helicolenus percoides","Reef Ocean Perch","y","Helicolenus percoides",NA
"382",37287001,"N35.1",126,NA,"bagged whole","Helicolenus percoides","Reef Ocean Perch","y","Helicolenus percoides",NA
"383",37287001,"N35.1",153,NA,"bagged whole","Helicolenus percoides","Reef Ocean Perch","y","Helicolenus percoides",NA
"384",37287001,"N35.1",129,NA,"bagged whole","Helicolenus percoides","Reef Ocean Perch","y","Helicolenus percoides",NA
"385",37287001,"N35.1",191,10083402,"(null)","Helicolenus percoides","Reef Ocean Perch","y","Helicolenus percoides",261
"386",37445006,"N35.2",185,10083459,"(null)","Seriolella punctata","Silver Warehou","y","Seriolella punctata",214
"387",37445006,"N35.2",190,10083590,"(null)","Seriolella punctata","Silver Warehou","y","Seriolella punctata",NA
"388",37445006,"N35.2",195,10083755,"(null)","Seriolella punctata","Silver Warehou","y","Seriolella punctata",213
"389",37445006,"N35.2",290,10083759,"(null)","Seriolella punctata","Silver Warehou","y","Seriolella punctata",NA
"390",37445006,"N35.2",189,10083753,"(null)","Seriolella punctata","Silver Warehou","y","Seriolella punctata",NA
"391",37445006,"N35.2",195,10083752,"(null)","Seriolella punctata","Silver Warehou","y","Seriolella punctata",NA
"392",37445006,"N35.2",196,10083620,"(null)","Seriolella punctata","Silver Warehou","y","Seriolella punctata",215
"393",37445006,"N35.2",199,10083787,"(null)","Seriolella punctata","Silver Warehou","y","Seriolella punctata",NA
"394",37445006,"N35.2",205,10083756,"(null)","Seriolella punctata","Silver Warehou","y","Seriolella punctata",NA
"395",37445006,"N35.2",192,10083729,"(null)","Seriolella punctata","Silver Warehou","y","Seriolella punctata",NA
"396",37287001,"N35.2",179,10083419,"(null)","Helicolenus percoides","Reef Ocean Perch","y","Helicolenus percoides",229
"397",37287001,"N35.2",177,10083389,"(null)","Helicolenus percoides","Reef Ocean Perch","y","Helicolenus percoides",227
"398",37287001,"N35.2",202,10083387,"(null)","Helicolenus percoides","Reef Ocean Perch","y","Helicolenus percoides",NA
"399",37287001,"N35.2",185,10083388,"(null)","Helicolenus percoides","Reef Ocean Perch","y","Helicolenus percoides",228
"400",37287001,"N35.2",162,10083441,"(null)","Helicolenus percoides","Reef Ocean Perch","y","Helicolenus percoides",226
"401",37287001,"N35.2",105,NA,"bagged whole","Helicolenus percoides","Reef Ocean Perch","y","Helicolenus percoides",NA
"402",37287001,"N35.2",105,NA,"bagged whole","Helicolenus percoides","Reef Ocean Perch","y","Helicolenus percoides",NA
"403",37287001,"N35.2",106,NA,"bagged whole","Helicolenus percoides","Reef Ocean Perch","y","Helicolenus percoides",NA
"404",37287001,"N35.2",120,NA,"bagged whole","Helicolenus percoides","Reef Ocean Perch","y","Helicolenus percoides",NA
"405",37287001,"N35.2",145,NA,"bagged whole","Helicolenus percoides","Reef Ocean Perch","y","Helicolenus percoides",NA
"406",37296001,"N35.2",406,10083645,"(null)","Platycephalus richardsoni","Tiger Flathead","y","Platycephalus richardsoni_lg",NA
"407",37296001,"N35.2",494,10083608,"(null)","Platycephalus richardsoni","Tiger Flathead","y","Platycephalus richardsoni_lg",216
"408",37296001,"N35.2",549,10083641,"(null)","Platycephalus richardsoni","Tiger Flathead","y","Platycephalus richardsoni_lg",NA
"409",37296001,"N35.2",376,10083582,"(null)","Platycephalus richardsoni","Tiger Flathead","y","Platycephalus richardsoni_lg",NA
"410",37296001,"N35.2",409,10083433,"(null)","Platycephalus richardsoni","Tiger Flathead","y","Platycephalus richardsoni_lg",NA
"411",37296001,"N35.2",362,10083589,"(null)","Platycephalus richardsoni","Tiger Flathead","y","Platycephalus richardsoni_lg",NA
"412",37296001,"N35.2",250,10083657,"(null)","Platycephalus richardsoni","Tiger Flathead","y","Platycephalus richardsoni_sm",210
"413",37296001,"N35.2",304,10083781,"(null)","Platycephalus richardsoni","Tiger Flathead","y","Platycephalus richardsoni_lg",217
"414",37296001,"N35.2",298,10083659,"(null)","Platycephalus richardsoni","Tiger Flathead","y","Platycephalus richardsoni_sm",211
"415",37296001,"N35.2",373,10083655,"(null)","Platycephalus richardsoni","Tiger Flathead","y","Platycephalus richardsoni_lg",212
"416",37439002,"N35.2",273,10083617,"(null)","Rexea solandri","Gemfish","y","Rexea solandri",NA
"417",37439002,"N35.2",274,10083624,"(null)","Rexea solandri","Gemfish","y","Rexea solandri",268
"418",37439002,"N35.2",274,10083684,"(null)","Rexea solandri","Gemfish","y","Rexea solandri",NA
"419",37439002,"N35.2",273,10083676,"(null)","Rexea solandri","Gemfish","y","Rexea solandri",266
"420",37439002,"N35.2",251,10083643,"(null)","Rexea solandri","Gemfish","y","Rexea solandri",NA
"421",37439002,"N35.2",249,10083674,"(null)","Rexea solandri","Gemfish","y","Rexea solandri",NA
"422",37439002,"N35.2",262,10083692,"(null)","Rexea solandri","Gemfish","y","Rexea solandri",267
"423",37439002,"N35.2",281,10083780,"(null)","Rexea solandri","Gemfish","y","Rexea solandri",206
"424",37439002,"N35.2",254,10083596,"(null)","Rexea solandri","Gemfish","y","Rexea solandri",NA
"425",37439002,"N35.2",265,10083694,"(null)","Rexea solandri","Gemfish","y","Rexea solandri",NA
"426",37228002,"N35.2",437,10083598,"(null)","Genypterus blacodes","Pink Ling","y","Genypterus blacodes",262
"427",37038004,"N35.2",321,10083658,"(null)","Urolophus paucimaculatus","Sparsely-spotted Stingaree","y","Urolophus paucimaculatus",257
"428",37038004,"N35.2",346,10083594,"(null)","Urolophus paucimaculatus","Sparsely-spotted Stingaree","y","Urolophus paucimaculatus",249
"429",37439002,"N35.3",270,10084124,"(null)","Rexea solandri","Gemfish","y","Rexea solandri",360
"430",37439002,"N35.3",274,10084157,"(null)","Rexea solandri","Gemfish","y","Rexea solandri",NA
"431",37439002,"N35.3",265,10084093,"(null)","Rexea solandri","Gemfish","y","Rexea solandri",NA
"432",37439002,"N35.3",266,10084123,"(null)","Rexea solandri","Gemfish","y","Rexea solandri",NA
"433",37439002,"N35.3",304,10084156,"(null)","Rexea solandri","Gemfish","y","Rexea solandri",NA
"434",37439002,"N35.3",262,10084065,"(null)","Rexea solandri","Gemfish","y","Rexea solandri",NA
"435",37439002,"N35.3",268,10084152,"(null)","Rexea solandri","Gemfish","y","Rexea solandri",361
"436",37439002,"N35.3",276,10084161,"(null)","Rexea solandri","Gemfish","y","Rexea solandri",370
"437",37439002,"N35.3",277,10084099,"(null)","Rexea solandri","Gemfish","y","Rexea solandri",NA
"438",37439002,"N35.3",285,10084072,"(null)","Rexea solandri","Gemfish","y","Rexea solandri",NA
"439",37287001,"N35.3",217,10084061,"(null)","Helicolenus percoides","Reef Ocean Perch","y","Helicolenus percoides",NA
"440",37287001,"N35.3",126,NA,"(null)","Helicolenus percoides","Reef Ocean Perch","y","Helicolenus percoides",NA
"441",37287001,"N35.3",101,NA,"(null)","Helicolenus percoides","Reef Ocean Perch","y","Helicolenus percoides",NA
"442",37287001,"N35.3",186,10084088,"(null)","Helicolenus percoides","Reef Ocean Perch","y","Helicolenus percoides",NA
"443",37287001,"N35.3",200,10084058,"(null)","Helicolenus percoides","Reef Ocean Perch","y","Helicolenus percoides",224
"444",37287001,"N35.3",206,10082896,"(null)","Helicolenus percoides","Reef Ocean Perch","y","Helicolenus percoides",222
"445",37287001,"N35.3",137,NA,"(null)","Helicolenus percoides","Reef Ocean Perch","y","Helicolenus percoides",NA
"446",37287001,"N35.3",208,10084109,"(null)","Helicolenus percoides","Reef Ocean Perch","y","Helicolenus percoides",225
"447",37287001,"N35.3",172,10084169,"(null)","Helicolenus percoides","Reef Ocean Perch","y","Helicolenus percoides",223
"448",37287001,"N35.3",126,NA,"(null)","Helicolenus percoides","Reef Ocean Perch","y","Helicolenus percoides",NA
"449",37445006,"N35.3",201,10083562,"(null)","Seriolella punctata","Silver Warehou","y","Seriolella punctata",NA
"450",37445006,"N35.3",216,10083529,"(null)","Seriolella punctata","Silver Warehou","y","Seriolella punctata",NA
"451",37445006,"N35.3",217,10083564,"(null)","Seriolella punctata","Silver Warehou","y","Seriolella punctata",NA
"452",37445006,"N35.3",206,10083665,"(null)","Seriolella punctata","Silver Warehou","y","Seriolella punctata",265
"453",37445006,"N35.3",211,10083602,"(null)","Seriolella punctata","Silver Warehou","y","Seriolella punctata",NA
"454",37445006,"N35.3",209,10083574,"(null)","Seriolella punctata","Silver Warehou","y","Seriolella punctata",264
"455",37445006,"N35.3",207,10083664,"(null)","Seriolella punctata","Silver Warehou","y","Seriolella punctata",NA
"456",37445006,"N35.3",202,10083631,"(null)","Seriolella punctata","Silver Warehou","y","Seriolella punctata",NA
"457",37445006,"N35.3",208,10083633,"(null)","Seriolella punctata","Silver Warehou","y","Seriolella punctata",NA
"458",37445006,"N35.3",207,10083601,"(null)","Seriolella punctata","Silver Warehou","y","Seriolella punctata",272
"459",37296001,"N35.3",411,10084131,"(null)","Platycephalus richardsoni","Tiger Flathead","y","Platycephalus richardsoni_lg",205
"460",37296001,"N35.3",355,10084070,"(null)","Platycephalus richardsoni","Tiger Flathead","y","Platycephalus richardsoni_lg",NA
"461",37296001,"N35.3",364,10084128,"(null)","Platycephalus richardsoni","Tiger Flathead","y","Platycephalus richardsoni_lg",NA
"462",37296001,"N35.3",363,10083560,"(null)","Platycephalus richardsoni","Tiger Flathead","y","Platycephalus richardsoni_lg",NA
"463",37296001,"N35.3",320,10084103,"(null)","Platycephalus richardsoni","Tiger Flathead","y","Platycephalus richardsoni_lg",NA
"464",37296001,"N35.3",370,10084133,"(null)","Platycephalus richardsoni","Tiger Flathead","y","Platycephalus richardsoni_lg",NA
"465",37296001,"N35.3",371,10084075,"(null)","Platycephalus richardsoni","Tiger Flathead","y","Platycephalus richardsoni_lg",203
"466",37296001,"N35.3",462,10084108,"(null)","Platycephalus richardsoni","Tiger Flathead","y","Platycephalus richardsoni_lg",204
"467",37296001,"N35.3",510,10084104,"(null)","Platycephalus richardsoni","Tiger Flathead","y","Platycephalus richardsoni_lg",NA
"468",37296001,"N35.3",428,10084168,"(null)","Platycephalus richardsoni","Tiger Flathead","y","Platycephalus richardsoni_lg",NA
"469",37038004,"N35.3",283,10083660,"(null)","Urolophus paucimaculatus","Sparsely-spotted Stingaree","y","Urolophus paucimaculatus",220
"470",37038004,"N35.3",333,10083565,"(null)","Urolophus paucimaculatus","Sparsely-spotted Stingaree","y","Urolophus paucimaculatus",221
"471",37296001,"N37.1",460,10082302,"shot 3","Platycephalus richardsoni","Tiger Flathead","y","Platycephalus richardsoni_lg",152
"472",37296001,"N37.1",462,10082339,"(null)","Platycephalus richardsoni","Tiger Flathead","y","Platycephalus richardsoni_lg",151
"473",37287001,"N37.1",290,10082338,"(null)","Helicolenus percoides","Reef Ocean Perch","y","Helicolenus percoides",NA
"474",37287001,"N37.1",234,10082304,"(null)","Helicolenus percoides","Reef Ocean Perch","y","Helicolenus percoides",NA
"475",37287001,"N37.1",227,10081409,"(null)","Helicolenus percoides","Reef Ocean Perch","y","Helicolenus percoides",NA
"476",37287001,"N37.1",242,10081379,"(null)","Helicolenus percoides","Reef Ocean Perch","y","Helicolenus percoides",146
"477",37287001,"N37.1",231,10082460,"(null)","Helicolenus percoides","Reef Ocean Perch","y","Helicolenus percoides",NA
"478",37287001,"N37.1",197,10082321,"(null)","Helicolenus percoides","Reef Ocean Perch","y","Helicolenus percoides",148
"479",37287001,"N37.1",168,10082296,"(null)","Helicolenus percoides","Reef Ocean Perch","y","Helicolenus percoides",NA
"480",37287001,"N37.1",156,10082323,"(null)","Helicolenus percoides","Reef Ocean Perch","y","Helicolenus percoides",147
"481",37287001,"N37.1",137,10082430,"(null)","Helicolenus percoides","Reef Ocean Perch","y","Helicolenus percoides",144
"482",37287001,"N37.1",111,10081331,"whole fish","Helicolenus percoides","Reef Ocean Perch","y","Helicolenus percoides",NA
"483",37445006,"N37.1",242,10081347,"(null)","Seriolella punctata","Silver Warehou","y","Seriolella punctata",161
"484",37445006,"N37.1",250,10082300,"(null)","Seriolella punctata","Silver Warehou","y","Seriolella punctata",NA
"485",37445006,"N37.1",197,10082337,"(null)","Seriolella punctata","Silver Warehou","y","Seriolella punctata",160
"486",37445006,"N37.1",242,10082335,"(null)","Seriolella punctata","Silver Warehou","y","Seriolella punctata",NA
"487",37445006,"N37.1",239,10082291,"(null)","Seriolella punctata","Silver Warehou","y","Seriolella punctata",NA
"488",37445006,"N37.1",247,10082490,"(null)","Seriolella punctata","Silver Warehou","y","Seriolella punctata",NA
"489",37445006,"N37.1",256,10081891,"(null)","Seriolella punctata","Silver Warehou","y","Seriolella punctata",NA
"490",37445006,"N37.1",251,10082316,"(null)","Seriolella punctata","Silver Warehou","y","Seriolella punctata",162
"491",37445006,"N37.1",207,10081496,"(null)","Seriolella punctata","Silver Warehou","y","Seriolella punctata",NA
"492",37445006,"N37.1",264,10081465,"(null)","Seriolella punctata","Silver Warehou","y","Seriolella punctata",NA
"493",37439002,"N37.1",322,10082327,"(null)","Rexea solandri","Gemfish","y","Rexea solandri",NA
"494",37439002,"N37.1",261,10081376,"(null)","Rexea solandri","Gemfish","y","Rexea solandri",NA
"495",37439002,"N37.1",269,10081356,"(null)","Rexea solandri","Gemfish","y","Rexea solandri",NA
"496",37439002,"N37.1",296,10081375,"(null)","Rexea solandri","Gemfish","y","Rexea solandri",157
"497",37439002,"N37.1",311,10081406,"(null)","Rexea solandri","Gemfish","y","Rexea solandri",NA
"498",37439002,"N37.1",292,10081337,"(null)","Rexea solandri","Gemfish","y","Rexea solandri",159
"499",37439002,"N37.1",274,10082297,"(null)","Rexea solandri","Gemfish","y","Rexea solandri",NA
"500",37439002,"N37.1",293,10082298,"(null)","Rexea solandri","Gemfish","y","Rexea solandri",NA
"501",37439002,"N37.1",240,10082328,"(null)","Rexea solandri","Gemfish","y","Rexea solandri",NA
"502",37439002,"N37.1",248,10082294,"(null)","Rexea solandri","Gemfish","y","Rexea solandri",158
"503",37445006,"N37.2",259,10081083,"(null)","Seriolella punctata","Silver Warehou","y","Seriolella punctata",NA
"504",37445006,"N37.2",260,10081137,"(null)","Seriolella punctata","Silver Warehou","y","Seriolella punctata",133
"505",37445006,"N37.2",255,10082483,"(null)","Seriolella punctata","Silver Warehou","y","Seriolella punctata",NA
"506",37439002,"N37.2",266,10081872,"(null)","Rexea solandri","Gemfish","y","Rexea solandri",NA
"507",37439002,"N37.2",302,10082284,"(null)","Rexea solandri","Gemfish","y","Rexea solandri",NA
"508",37439002,"N37.2",252,10081900,"(null)","Rexea solandri","Gemfish","y","Rexea solandri",NA
"509",37439002,"N37.2",272,10081862,"(null)","Rexea solandri","Gemfish","y","Rexea solandri",NA
"510",37439002,"N37.2",257,10081414,"(null)","Rexea solandri","Gemfish","y","Rexea solandri",156
"511",37439002,"N37.2",335,10081497,"(null)","Rexea solandri","Gemfish","y","Rexea solandri",NA
"512",37439002,"N37.2",267,10081929,"(null)","Rexea solandri","Gemfish","y","Rexea solandri",154
"513",37439002,"N37.2",283,10081860,"(null)","Rexea solandri","Gemfish","y","Rexea solandri",155
"514",37038004,"N37.2",333,10081928,"(null)","Urolophus paucimaculatus","Sparsely-spotted Stingaree","y","Urolophus paucimaculatus",132
"515",37038004,"N37.2",382,10082292,"Female have pup","Urolophus paucimaculatus","Sparsely-spotted Stingaree","y","Urolophus paucimaculatus",135
"516",37038004,"N37.2",317,10081385,"(null)","Urolophus paucimaculatus","Sparsely-spotted Stingaree","y","Urolophus paucimaculatus",140
"517",37287001,"N37.2",204,10081877,"(null)","Helicolenus percoides","Reef Ocean Perch","y","Helicolenus percoides",145
"518",37287001,"N37.2",234,10082016,"(null)","Helicolenus percoides","Reef Ocean Perch","y","Helicolenus percoides",143
"519",37287001,"N37.2",229,10081957,"(null)","Helicolenus percoides","Reef Ocean Perch","y","Helicolenus percoides",141
"520",37287001,"N37.2",223,10081987,"(null)","Helicolenus percoides","Reef Ocean Perch","y","Helicolenus percoides",142
"521",37287001,"N37.2",201,10081906,"(null)","Helicolenus percoides","Reef Ocean Perch","y","Helicolenus percoides",NA
"522",37287001,"N37.2",177,10081896,"(null)","Helicolenus percoides","Reef Ocean Perch","y","Helicolenus percoides",NA
"523",37287001,"N37.2",199,10081498,"(null)","Helicolenus percoides","Reef Ocean Perch","y","Helicolenus percoides",NA
"524",37287001,"N37.2",172,10081349,"(null)","Helicolenus percoides","Reef Ocean Perch","y","Helicolenus percoides",NA
"525",37287001,"N37.2",168,10081875,"whole fish","Helicolenus percoides","Reef Ocean Perch","y","Helicolenus percoides",NA
"526",37287001,"N37.2",155,10081936,"whole fish","Helicolenus percoides","Reef Ocean Perch","y","Helicolenus percoides",NA
"527",37296001,"N37.2",434,10081197,"(null)","Platycephalus richardsoni","Tiger Flathead","y","Platycephalus richardsoni_lg",153
"528",37296001,"N37.2",452,10081988,"(null)","Platycephalus richardsoni","Tiger Flathead","y","Platycephalus richardsoni_lg",149
"529",37296001,"N37.2",405,10082282,"(null)","Platycephalus richardsoni","Tiger Flathead","y","Platycephalus richardsoni_lg",NA
"530",37296001,"N37.2",487,10081304,"(null)","Platycephalus richardsoni","Tiger Flathead","y","Platycephalus richardsoni_lg",150
"531",37445006,"N37.2",273,10082283,"(null)","Seriolella punctata","Silver Warehou","y","Seriolella punctata",NA
"532",37445006,"N37.2",298,10081440,"(null)","Seriolella punctata","Silver Warehou","y","Seriolella punctata",NA
"533",37445006,"N37.2",280,10081868,"(null)","Seriolella punctata","Silver Warehou","y","Seriolella punctata",NA
"534",37445006,"N37.2",270,10081415,"(null)","Seriolella punctata","Silver Warehou","y","Seriolella punctata",NA
"535",37445006,"N37.2",277,10082512,"(null)","Seriolella punctata","Silver Warehou","y","Seriolella punctata",NA
"536",37445006,"N37.2",267,10082017,"(null)","Seriolella punctata","Silver Warehou","y","Seriolella punctata",137
"537",37445006,"N37.2",267,10081160,"(null)","Seriolella punctata","Silver Warehou","y","Seriolella punctata",134
"538",37445006,"N37.3",270,10081381,"(null)","Seriolella punctata","Silver Warehou","y","Seriolella punctata",NA
"539",37445006,"N37.3",239,10081404,"(null)","Seriolella punctata","Silver Warehou","y","Seriolella punctata",NA
"540",37445006,"N37.3",275,10081472,"(null)","Seriolella punctata","Silver Warehou","y","Seriolella punctata",139
"541",37445006,"N37.3",263,10081494,"(null)","Seriolella punctata","Silver Warehou","y","Seriolella punctata",NA
"542",37445006,"N37.3",253,10082319,"(null)","Seriolella punctata","Silver Warehou","y","Seriolella punctata",NA
"543",37445006,"N37.3",285,10081433,"(null)","Seriolella punctata","Silver Warehou","y","Seriolella punctata",NA
"544",37445006,"N37.3",277,10081499,"(null)","Seriolella punctata","Silver Warehou","y","Seriolella punctata",NA
"545",37445006,"N37.3",261,10082290,"(null)","Seriolella punctata","Silver Warehou","y","Seriolella punctata",NA
"546",37445006,"N37.3",270,10081493,"(null)","Seriolella punctata","Silver Warehou","y","Seriolella punctata",136
"547",37445006,"N37.3",227,10082514,"(null)","Seriolella punctata","Silver Warehou","y","Seriolella punctata",138
"548",37296001,"N39.1",462,10082525,"(null)","Platycephalus richardsoni","Tiger Flathead","y","Platycephalus richardsoni_lg",1
"549",37296001,"N39.1",316,10082584,"(null)","Platycephalus richardsoni","Tiger Flathead","y","Platycephalus richardsoni_lg",3
"550",37296001,"N39.1",301,10082439,"(null)","Platycephalus richardsoni","Tiger Flathead","y","Platycephalus richardsoni_lg",NA
"551",37296001,"N39.1",325,10082521,"(null)","Platycephalus richardsoni","Tiger Flathead","y","Platycephalus richardsoni_lg",15
"552",37296001,"N39.1",264,10083282,"(null)","Platycephalus richardsoni","Tiger Flathead","y","Platycephalus richardsoni_sm",NA
"553",37296001,"N39.1",284,10083284,"(null)","Platycephalus richardsoni","Tiger Flathead","y","Platycephalus richardsoni_sm",11
"554",37296001,"N39.1",273,10083335,"(null)","Platycephalus richardsoni","Tiger Flathead","y","Platycephalus richardsoni_sm",6
"555",37296001,"N39.1",285,10083305,"(null)","Platycephalus richardsoni","Tiger Flathead","y","Platycephalus richardsoni_sm",5
"556",37296001,"N39.1",144,10083276,"(null)","Platycephalus richardsoni","Tiger Flathead","y","Platycephalus richardsoni_sm",NA
"557",37296001,"N39.1",195,10083342,"(null)","Platycephalus richardsoni","Tiger Flathead","y","Platycephalus richardsoni_sm",NA
"558",37439002,"N39.1",238,10083295,"(null)","Rexea solandri","Gemfish","y","Rexea solandri",17
"559",37439002,"N39.1",266,10083357,"(null)","Rexea solandri","Gemfish","y","Rexea solandri",NA
"560",37439002,"N39.1",248,10083350,"(null)","Rexea solandri","Gemfish","y","Rexea solandri",NA
"561",37439002,"N39.1",268,10083323,"(null)","Rexea solandri","Gemfish","y","Rexea solandri",19
"562",37439002,"N39.1",256,10083355,"(null)","Rexea solandri","Gemfish","y","Rexea solandri",NA
"563",37439002,"N39.1",262,10082571,"(null)","Rexea solandri","Gemfish","y","Rexea solandri",NA
"564",37439002,"N39.1",249,10082602,"(null)","Rexea solandri","Gemfish","y","Rexea solandri",NA
"565",37439002,"N39.1",258,10082576,"(null)","Rexea solandri","Gemfish","y","Rexea solandri",18
"566",37287001,"N39.1",132,NA,"BAGGED WHOLE","Helicolenus percoides","Reef Ocean Perch","y","Helicolenus percoides",NA
"567",37287001,"N39.1",120,NA,"BAGGED WHOLE","Helicolenus percoides","Reef Ocean Perch","y","Helicolenus percoides",NA
"568",37287001,"N39.1",94,NA,"BAGGED WHOLE","Helicolenus percoides","Reef Ocean Perch","y","Helicolenus percoides",NA
"569",37287001,"N39.1",161,NA,"BAGGED WHOLE","Helicolenus percoides","Reef Ocean Perch","y","Helicolenus percoides",NA
"570",37287001,"N39.1",140,NA,"BAGGED WHOLE","Helicolenus percoides","Reef Ocean Perch","y","Helicolenus percoides",NA
"571",37287001,"N39.1",124,NA,"BAGGED WHOLE","Helicolenus percoides","Reef Ocean Perch","y","Helicolenus percoides",NA
"572",37287001,"N39.1",134,NA,"BAGGED WHOLE","Helicolenus percoides","Reef Ocean Perch","y","Helicolenus percoides",NA
"573",37287001,"N39.1",103,NA,"BAGGED WHOLE","Helicolenus percoides","Reef Ocean Perch","y","Helicolenus percoides",NA
"574",37287001,"N39.1",107,NA,"BAGGED WHOLE","Helicolenus percoides","Reef Ocean Perch","y","Helicolenus percoides",NA
"575",37287001,"N39.1",110,NA,"BAGGED WHOLE","Helicolenus percoides","Reef Ocean Perch","y","Helicolenus percoides",NA
"576",37330014,"N39.1",152,10083243,"(null)","Sillago flindersi","Eastern School Whiting","y","Sillago flindersi",NA
"577",37330014,"N39.1",155,10083183,"(null)","Sillago flindersi","Eastern School Whiting","y","Sillago flindersi",NA
"578",37330014,"N39.1",200,10082564,"(null)","Sillago flindersi","Eastern School Whiting","y","Sillago flindersi",NA
"579",37330014,"N39.1",159,10082594,"(null)","Sillago flindersi","Eastern School Whiting","y","Sillago flindersi",NA
"580",37330014,"N39.1",146,10082582,"(null)","Sillago flindersi","Eastern School Whiting","y","Sillago flindersi",NA
"581",37330014,"N39.1",147,10082600,"(null)","Sillago flindersi","Eastern School Whiting","y","Sillago flindersi",NA
"582",37330014,"N39.1",157,10082534,"(null)","Sillago flindersi","Eastern School Whiting","y","Sillago flindersi",NA
"583",37330014,"N39.1",144,10082580,"(null)","Sillago flindersi","Eastern School Whiting","y","Sillago flindersi",NA
"584",37330014,"N39.1",141,10082562,"(null)","Sillago flindersi","Eastern School Whiting","y","Sillago flindersi",NA
"585",37330014,"N39.1",143,10083184,"(null)","Sillago flindersi","Eastern School Whiting","y","Sillago flindersi",NA
"586",37287001,"N39.2",251,10082518,"(null)","Helicolenus percoides","Reef Ocean Perch","y","Helicolenus percoides",NA
"587",37287001,"N39.2",250,10082488,"(null)","Helicolenus percoides","Reef Ocean Perch","y","Helicolenus percoides",NA
"588",37287001,"N39.2",204,10082457,"(null)","Helicolenus percoides","Reef Ocean Perch","y","Helicolenus percoides",NA
"589",37287001,"N39.2",222,10082388,"(null)","Helicolenus percoides","Reef Ocean Perch","y","Helicolenus percoides",NA
"590",37287001,"N39.2",200,10082397,"(null)","Helicolenus percoides","Reef Ocean Perch","y","Helicolenus percoides",NA
"591",37287001,"N39.2",141,NA,"whole fish","Helicolenus percoides","Reef Ocean Perch","y","Helicolenus percoides",NA
"592",37287001,"N39.2",142,NA,"whole fish","Helicolenus percoides","Reef Ocean Perch","y","Helicolenus percoides",NA
"593",37287001,"N39.2",125,NA,"whole fish","Helicolenus percoides","Reef Ocean Perch","y","Helicolenus percoides",NA
"594",37287001,"N39.2",126,NA,"whole fish","Helicolenus percoides","Reef Ocean Perch","y","Helicolenus percoides",NA
"595",37287001,"N39.2",132,NA,"whole fish","Helicolenus percoides","Reef Ocean Perch","y","Helicolenus percoides",NA
"596",37296001,"N39.2",346,10082578,"tissue and gonads in same bag","Platycephalus richardsoni","Tiger Flathead","y","Platycephalus richardsoni_lg",52
"597",37296001,"N39.2",281,10082579,"tissue and gonads in same bag","Platycephalus richardsoni","Tiger Flathead","y","Platycephalus richardsoni_sm",NA
"598",37296001,"N39.2",299,10082597,"tissue and gonads in same bag","Platycephalus richardsoni","Tiger Flathead","y","Platycephalus richardsoni_sm",48
"599",37296001,"N39.2",254,10082220,"tissue and gonads in same bag","Platycephalus richardsoni","Tiger Flathead","y","Platycephalus richardsoni_sm",NA
"600",37296001,"N39.2",280,10082074,"tissue and gonads in same bag","Platycephalus richardsoni","Tiger Flathead","y","Platycephalus richardsoni_sm",47
"601",37296001,"N39.2",206,10082103,"tissue and gonads in same bag","Platycephalus richardsoni","Tiger Flathead","y","Platycephalus richardsoni_sm",NA
"602",37296001,"N39.2",221,10082108,"tissue and gonads in same bag","Platycephalus richardsoni","Tiger Flathead","y","Platycephalus richardsoni_sm",45
"603",37296001,"N39.2",253,10082069,"tissue and gonads in same bag","Platycephalus richardsoni","Tiger Flathead","y","Platycephalus richardsoni_sm",NA
"604",37296001,"N39.2",248,10081401,"tissue and gonads in same bag","Platycephalus richardsoni","Tiger Flathead","y","Platycephalus richardsoni_sm",NA
"605",37439002,"N39.2",262,10082496,"tissue and gonads in same bag","Rexea solandri","Gemfish","y","Rexea solandri",NA
"606",37439002,"N39.2",263,10082409,"tissue and gonads in same bag","Rexea solandri","Gemfish","y","Rexea solandri",NA
"607",37439002,"N39.2",258,10082349,"tissue and gonads in same bag","Rexea solandri","Gemfish","y","Rexea solandri",NA
"608",37439002,"N39.2",261,10082357,"tissue and gonads in same bag","Rexea solandri","Gemfish","y","Rexea solandri",NA
"609",37439002,"N39.2",249,10082386,"tissue and gonads in same bag","Rexea solandri","Gemfish","y","Rexea solandri",NA
"610",37439002,"N39.2",264,10082416,"tissue and gonads in same bag","Rexea solandri","Gemfish","y","Rexea solandri",NA
"611",37439002,"N39.2",254,10081491,"tissue and gonads in same bag","Rexea solandri","Gemfish","y","Rexea solandri",NA
"612",37439002,"N39.2",253,10082467,"tissue and gonads in same bag","Rexea solandri","Gemfish","y","Rexea solandri",NA
"613",37439002,"N39.2",250,10081492,"tissue and gonads in same bag","Rexea solandri","Gemfish","y","Rexea solandri",55
"614",37439002,"N39.2",263,10082209,"tissue and gonads in same bag","Rexea solandri","Gemfish","y","Rexea solandri",NA
"615",37465006,"N39.2",199,10083352,"(null)","Nelusetta ayraud","Ocean Jacket","y","Nelusetta ayraud",36
"616",37465006,"N39.2",246,10082173,"(null)","Nelusetta ayraud","Ocean Jacket","y","Nelusetta ayraud",35
"617",37465006,"N39.2",199,10082169,"(null)","Nelusetta ayraud","Ocean Jacket","y","Nelusetta ayraud",42
"618",37465006,"N39.2",313,10082201,"(null)","Nelusetta ayraud","Ocean Jacket","y","Nelusetta ayraud",40
"619",37445006,"N39.2",212,10083319,"tissue and gonads in same bag","Seriolella punctata","Silver Warehou","y","Seriolella punctata",61
"620",37445006,"N39.2",198,10083351,"tissue and gonads in same bag","Seriolella punctata","Silver Warehou","y","Seriolella punctata",62
"621",37445006,"N39.2",195,10082097,"tissue and gonads in same bag","Seriolella punctata","Silver Warehou","y","Seriolella punctata",60
"622",37330014,"N39.2",208,10083281,"(null)","Sillago flindersi","Eastern School Whiting","y","Sillago flindersi",20
"623",37330014,"N39.2",133,10083348,"gonad lost","Sillago flindersi","Eastern School Whiting","y","Sillago flindersi",9
"624",37330014,"N39.2",142,10083288,"(null)","Sillago flindersi","Eastern School Whiting","y","Sillago flindersi",8
"625",37330014,"N39.2",222,10083279,"(null)","Sillago flindersi","Eastern School Whiting","y","Sillago flindersi",7
"626",37330014,"N39.2",167,10082551,"(null)","Sillago flindersi","Eastern School Whiting","y","Sillago flindersi",4
"627",37330014,"N39.2",217,10083317,"(null)","Sillago flindersi","Eastern School Whiting","y","Sillago flindersi",NA
"628",37330014,"N39.2",173,10083278,"(null)","Sillago flindersi","Eastern School Whiting","y","Sillago flindersi",14
"629",37330014,"N39.2",166,10083314,"(null)","Sillago flindersi","Eastern School Whiting","y","Sillago flindersi",12
"630",37330014,"N39.2",162,10083316,"(null)","Sillago flindersi","Eastern School Whiting","y","Sillago flindersi",10
"631",37330014,"N39.2",224,10083277,"(null)","Sillago flindersi","Eastern School Whiting","y","Sillago flindersi",2
"632",37296001,"N39.3",449,10083152,"(null)","Platycephalus richardsoni","Tiger Flathead","y","Platycephalus richardsoni_lg",50
"633",37296001,"N39.3",353,10083096,"(null)","Platycephalus richardsoni","Tiger Flathead","y","Platycephalus richardsoni_lg",NA
"634",37296001,"N39.3",309,10083155,"(null)","Platycephalus richardsoni","Tiger Flathead","y","Platycephalus richardsoni_lg",49
"635",37296001,"N39.3",241,10083092,"(null)","Platycephalus richardsoni","Tiger Flathead","y","Platycephalus richardsoni_sm",53
"636",37296001,"N39.3",205,10083094,"(null)","Platycephalus richardsoni","Tiger Flathead","y","Platycephalus richardsoni_sm",NA
"637",37296001,"N39.3",258,10083095,"(null)","Platycephalus richardsoni","Tiger Flathead","y","Platycephalus richardsoni_sm",54
"638",37296001,"N39.3",339,10083079,"(null)","Platycephalus richardsoni","Tiger Flathead","y","Platycephalus richardsoni_lg",46
"639",37296001,"N39.3",290,10083019,"(null)","Platycephalus richardsoni","Tiger Flathead","y","Platycephalus richardsoni_sm",NA
"640",37296001,"N39.3",278,10083231,"(null)","Platycephalus richardsoni","Tiger Flathead","y","Platycephalus richardsoni_sm",51
"641",37296001,"N39.3",219,10083122,"(null)","Platycephalus richardsoni","Tiger Flathead","y","Platycephalus richardsoni_sm",NA
"642",37445006,"N39.3",202,10083209,"(null)","Seriolella punctata","Silver Warehou","y","Seriolella punctata",NA
"643",37445006,"N39.3",191,10083230,"(null)","Seriolella punctata","Silver Warehou","y","Seriolella punctata",NA
"644",37445006,"N39.3",208,10083259,"(null)","Seriolella punctata","Silver Warehou","y","Seriolella punctata",NA
"645",37445006,"N39.3",194,10083267,"(null)","Seriolella punctata","Silver Warehou","y","Seriolella punctata",NA
"646",37445006,"N39.3",195,10083265,"(null)","Seriolella punctata","Silver Warehou","y","Seriolella punctata",59
"647",37445006,"N39.3",187,10083200,"(null)","Seriolella punctata","Silver Warehou","y","Seriolella punctata",58
"648",37445006,"N39.3",190,10083266,"(null)","Seriolella punctata","Silver Warehou","y","Seriolella punctata",57
"649",37439002,"N39.3",254,10083206,"(null)","Rexea solandri","Gemfish","y","Rexea solandri",NA
"650",37439002,"N39.3",251,10083257,"(null)","Rexea solandri","Gemfish","y","Rexea solandri",16
"651",37439002,"N39.3",254,10083205,"(null)","Rexea solandri","Gemfish","y","Rexea solandri",NA
"652",37439002,"N39.3",244,10083220,"(null)","Rexea solandri","Gemfish","y","Rexea solandri",NA
"653",37439002,"N39.3",262,10083139,"(null)","Rexea solandri","Gemfish","y","Rexea solandri",NA
"654",37439002,"N39.3",267,10083145,"(null)","Rexea solandri","Gemfish","y","Rexea solandri",13
"655",37439002,"N39.3",264,10083188,"(null)","Rexea solandri","Gemfish","y","Rexea solandri",NA
"656",37439002,"N39.3",248,10083253,"(null)","Rexea solandri","Gemfish","y","Rexea solandri",NA
"657",37439002,"N39.3",239,10083224,"(null)","Rexea solandri","Gemfish","y","Rexea solandri",NA
"658",37439002,"N39.3",244,10083233,"(null)","Rexea solandri","Gemfish","y","Rexea solandri",NA
"659",37465006,"N39.3",146,10083114,"(null)","Nelusetta ayraud","Ocean Jacket","y","Nelusetta ayraud",43
"660",37465006,"N39.3",188,10083168,"(null)","Nelusetta ayraud","Ocean Jacket","y","Nelusetta ayraud",44
"661",37465006,"N39.3",188,10083161,"(null)","Nelusetta ayraud","Ocean Jacket","y","Nelusetta ayraud",37
"662",37465006,"N39.3",200,10083158,"(null)","Nelusetta ayraud","Ocean Jacket","y","Nelusetta ayraud",41
"663",37465006,"N39.3",195,10083128,"(null)","Nelusetta ayraud","Ocean Jacket","y","Nelusetta ayraud",38
"664",37465006,"N39.3",189,10083130,"(null)","Nelusetta ayraud","Ocean Jacket","y","Nelusetta ayraud",39
"665",37287001,"N39.3",148,NA,"whole fish","Helicolenus percoides","Reef Ocean Perch","y","Helicolenus percoides",NA
"666",37287001,"N39.3",130,NA,"whole fish","Helicolenus percoides","Reef Ocean Perch","y","Helicolenus percoides",NA
"667",37287001,"N39.3",107,NA,"whole fish","Helicolenus percoides","Reef Ocean Perch","y","Helicolenus percoides",NA
"668",37287001,"N39.3",216,10083241,"(null)","Helicolenus percoides","Reef Ocean Perch","y","Helicolenus percoides",56
"669",37287001,"N39.3",145,NA,"whole fish","Helicolenus percoides","Reef Ocean Perch","y","Helicolenus percoides",NA
"670",37287001,"N39.3",135,NA,"whole fish","Helicolenus percoides","Reef Ocean Perch","y","Helicolenus percoides",NA
"671",37287001,"N39.3",120,NA,"whole fish","Helicolenus percoides","Reef Ocean Perch","y","Helicolenus percoides",NA
"672",37287001,"N39.3",150,NA,"whole fish","Helicolenus percoides","Reef Ocean Perch","y","Helicolenus percoides",NA
"673",37287001,"N39.3",141,NA,"whole fish","Helicolenus percoides","Reef Ocean Perch","y","Helicolenus percoides",NA
"674",37287001,"N39.3",146,NA,"whole fish","Helicolenus percoides","Reef Ocean Perch","y","Helicolenus percoides",NA
"675",37330014,"N39.3",160,10083329,"(null)","Sillago flindersi","Eastern School Whiting","y","Sillago flindersi",NA
"676",37330014,"N39.3",205,10083196,"(null)","Sillago flindersi","Eastern School Whiting","y","Sillago flindersi",NA
"677",37330014,"N39.3",170,10083250,"(null)","Sillago flindersi","Eastern School Whiting","y","Sillago flindersi",NA
"678",37330014,"N39.3",196,10083201,"(null)","Sillago flindersi","Eastern School Whiting","y","Sillago flindersi",NA
"679",37330014,"N39.3",173,10083192,"(null)","Sillago flindersi","Eastern School Whiting","y","Sillago flindersi",NA
"680",37330014,"N39.3",207,10083255,"(null)","Sillago flindersi","Eastern School Whiting","y","Sillago flindersi",NA
"681",37330014,"N39.3",152,10083234,"(null)","Sillago flindersi","Eastern School Whiting","y","Sillago flindersi",NA
"682",37330014,"N39.3",173,10083299,"(null)","Sillago flindersi","Eastern School Whiting","y","Sillago flindersi",NA
"683",37330014,"N39.3",158,10083212,"(null)","Sillago flindersi","Eastern School Whiting","y","Sillago flindersi",NA
"684",37330014,"N39.3",167,10083186,"(null)","Sillago flindersi","Eastern School Whiting","y","Sillago flindersi",NA
"685",37330014,"N41.1",168,10083011,"shot2","Sillago flindersi","Eastern School Whiting","y","Sillago flindersi",31
"686",37330014,"N41.1",158,10083065,"(null)","Sillago flindersi","Eastern School Whiting","y","Sillago flindersi",NA
"687",37330014,"N41.1",164,10083005,"(null)","Sillago flindersi","Eastern School Whiting","y","Sillago flindersi",NA
"688",37330014,"N41.1",171,10082978,"(null)","Sillago flindersi","Eastern School Whiting","y","Sillago flindersi",NA
"689",37330014,"N41.1",159,10082917,"(null)","Sillago flindersi","Eastern School Whiting","y","Sillago flindersi",30
"690",37330014,"N41.1",171,10082926,"(null)","Sillago flindersi","Eastern School Whiting","y","Sillago flindersi",NA
"691",37330014,"N41.1",188,10082986,"(null)","Sillago flindersi","Eastern School Whiting","y","Sillago flindersi",NA
"692",37330014,"N41.1",189,10082914,"(null)","Sillago flindersi","Eastern School Whiting","y","Sillago flindersi",32
"693",37330014,"N41.1",212,10082951,"(null)","Sillago flindersi","Eastern School Whiting","y","Sillago flindersi",NA
"694",37330014,"N41.1",212,10080757,"(null)","Sillago flindersi","Eastern School Whiting","y","Sillago flindersi",NA
"695",37038004,"N41.1",355,10082941,"(null)","Urolophus paucimaculatus","Sparsely-spotted Stingaree","y","Urolophus paucimaculatus",33
"696",37038004,"N41.1",386,10083058,"(null)","Urolophus paucimaculatus","Sparsely-spotted Stingaree","y","Urolophus paucimaculatus",34
"697",37445006,"N41.1",235,10083088,"(null)","Seriolella punctata","Silver Warehou","y","Seriolella punctata",28
"698",37445006,"N41.1",228,10083057,"(null)","Seriolella punctata","Silver Warehou","y","Seriolella punctata",25
"699",37296001,"N41.3",384,10082953,"(null)","Platycephalus richardsoni","Tiger Flathead","y","Platycephalus richardsoni_lg",29
"700",37445006,"N41.3",198,10082965,"shot1","Seriolella punctata","Silver Warehou","y","Seriolella punctata",27
"701",37445006,"N41.3",201,10082968,"(null)","Seriolella punctata","Silver Warehou","y","Seriolella punctata",26
"702",37445006,"N41.3",210,10082992,"(null)","Seriolella punctata","Silver Warehou","y","Seriolella punctata",NA
"703",37445006,"N41.3",200,10082933,"(null)","Seriolella punctata","Silver Warehou","y","Seriolella punctata",NA
"704",37445006,"N41.3",214,10082960,"(null)","Seriolella punctata","Silver Warehou","y","Seriolella punctata",NA
"705",37445006,"N41.3",203,10082863,"(null)","Seriolella punctata","Silver Warehou","y","Seriolella punctata",24
"706",37439002,"N41.3",272,10082923,"(null)","Rexea solandri","Gemfish","y","Rexea solandri",22
"707",37439002,"N41.3",262,10082931,"(null)","Rexea solandri","Gemfish","y","Rexea solandri",NA
"708",37439002,"N41.3",268,10082928,"(null)","Rexea solandri","Gemfish","y","Rexea solandri",NA
"709",37439002,"N41.3",257,10082956,"(null)","Rexea solandri","Gemfish","y","Rexea solandri",NA
"710",37439002,"N41.3",256,10083119,"(null)","Rexea solandri","Gemfish","y","Rexea solandri",23
"711",37439002,"N41.3",250,10082929,"(null)","Rexea solandri","Gemfish","y","Rexea solandri",NA
"712",37439002,"N41.3",275,10082952,"(null)","Rexea solandri","Gemfish","y","Rexea solandri",NA
"713",37439002,"N41.3",273,10083034,"(null)","Rexea solandri","Gemfish","y","Rexea solandri",21
"714",37439002,"N41.3",235,10083061,"(null)","Rexea solandri","Gemfish","y","Rexea solandri",NA
"715",37465006,"N43.1",216,10082908,"(null)","Nelusetta ayraud","Ocean Jacket","y","Nelusetta ayraud",104
"716",37465006,"N43.1",199,10081171,"(null)","Nelusetta ayraud","Ocean Jacket","y","Nelusetta ayraud",96
"717",37465006,"N43.1",223,10082842,"(null)","Nelusetta ayraud","Ocean Jacket","y","Nelusetta ayraud",124
"718",37330014,"N43.1",195,10082402,"(null)","Sillago flindersi","Eastern School Whiting","y","Sillago flindersi",101
"719",37330014,"N43.1",197,10081932,"(null)","Sillago flindersi","Eastern School Whiting","y","Sillago flindersi",NA
"720",37330014,"N43.1",169,10082693,"(null)","Sillago flindersi","Eastern School Whiting","y","Sillago flindersi",NA
"721",37330014,"N43.1",153,10081919,"(null)","Sillago flindersi","Eastern School Whiting","y","Sillago flindersi",94
"722",37330014,"N43.1",163,10082341,"(null)","Sillago flindersi","Eastern School Whiting","y","Sillago flindersi",NA
"723",37330014,"N43.1",177,10081960,"(null)","Sillago flindersi","Eastern School Whiting","y","Sillago flindersi",102
"724",37330014,"N43.1",176,10081994,"(null)","Sillago flindersi","Eastern School Whiting","y","Sillago flindersi",NA
"725",37330014,"N43.1",171,10082392,"(null)","Sillago flindersi","Eastern School Whiting","y","Sillago flindersi",105
"726",37330014,"N43.1",169,10082738,"(null)","Sillago flindersi","Eastern School Whiting","y","Sillago flindersi",NA
"727",37330014,"N43.1",173,10082775,"(null)","Sillago flindersi","Eastern School Whiting","y","Sillago flindersi",97
"728",37296001,"N43.1",347,10082805,"(null)","Platycephalus richardsoni","Tiger Flathead","y","Platycephalus richardsoni_lg",NA
"729",37296001,"N43.1",337,10082737,"(null)","Platycephalus richardsoni","Tiger Flathead","y","Platycephalus richardsoni_lg",125
"730",37296001,"N43.1",262,10082764,"(null)","Platycephalus richardsoni","Tiger Flathead","y","Platycephalus richardsoni_sm",99
"731",37296001,"N43.1",337,10082766,"(null)","Platycephalus richardsoni","Tiger Flathead","y","Platycephalus richardsoni_lg",131
"732",37296001,"N43.1",285,10082761,"(null)","Platycephalus richardsoni","Tiger Flathead","y","Platycephalus richardsoni_sm",NA
"733",37296001,"N43.1",278,10082906,"(null)","Platycephalus richardsoni","Tiger Flathead","y","Platycephalus richardsoni_sm",NA
"734",37296001,"N43.1",299,10082909,"(null)","Platycephalus richardsoni","Tiger Flathead","y","Platycephalus richardsoni_sm",NA
"735",37296001,"N43.1",299,10082902,"(null)","Platycephalus richardsoni","Tiger Flathead","y","Platycephalus richardsoni_sm",98
"736",37296001,"N43.1",337,10081881,"(null)","Platycephalus richardsoni","Tiger Flathead","y","Platycephalus richardsoni_lg",100
"737",37296001,"N43.1",285,10081880,"(null)","Platycephalus richardsoni","Tiger Flathead","y","Platycephalus richardsoni_sm",92
"738",37038004,"N43.1",314,10082745,"(null)","Urolophus paucimaculatus","Sparsely-spotted Stingaree","y","Urolophus paucimaculatus",110
"739",37038004,"N43.1",293,10082763,"(null)","Urolophus paucimaculatus","Sparsely-spotted Stingaree","y","Urolophus paucimaculatus",119
"740",37445006,"N43.2",206,10082786,"(null)","Seriolella punctata","Silver Warehou","y","Seriolella punctata",95
"741",37439002,"N43.2",255,10081159,"(null)","Rexea solandri","Gemfish","y","Rexea solandri",NA
"742",37439002,"N43.2",257,10081172,"(null)","Rexea solandri","Gemfish","y","Rexea solandri",NA
"743",37439002,"N43.2",244,10082796,"(null)","Rexea solandri","Gemfish","y","Rexea solandri",NA
"744",37439002,"N43.2",271,10081111,"(null)","Rexea solandri","Gemfish","y","Rexea solandri",NA
"745",37439002,"N43.2",265,10082811,"(null)","Rexea solandri","Gemfish","y","Rexea solandri",117
"746",37439002,"N43.2",264,10082804,"(null)","Rexea solandri","Gemfish","y","Rexea solandri",NA
"747",37439002,"N43.2",260,10082778,"(null)","Rexea solandri","Gemfish","y","Rexea solandri",NA
"748",37439002,"N43.2",264,10082643,"(null)","Rexea solandri","Gemfish","y","Rexea solandri",128
"749",37439002,"N43.2",294,10082700,"(null)","Rexea solandri","Gemfish","y","Rexea solandri",127
"750",37439002,"N43.2",260,10082704,"(null)","Rexea solandri","Gemfish","y","Rexea solandri",NA
"751",37296001,"N43.2",462,10082709,"(null)","Platycephalus richardsoni","Tiger Flathead","y","Platycephalus richardsoni_lg",91
"752",37296001,"N43.2",433,10082674,"(null)","Platycephalus richardsoni","Tiger Flathead","y","Platycephalus richardsoni_lg",NA
"753",37296001,"N43.2",366,10082646,"(null)","Platycephalus richardsoni","Tiger Flathead","y","Platycephalus richardsoni_lg",NA
"754",37296001,"N43.2",261,10082735,"(null)","Platycephalus richardsoni","Tiger Flathead","y","Platycephalus richardsoni_sm",126
"755",37296001,"N43.2",354,10082801,"(null)","Platycephalus richardsoni","Tiger Flathead","y","Platycephalus richardsoni_lg",NA
"756",37296001,"N43.2",312,10082784,"(null)","Platycephalus richardsoni","Tiger Flathead","y","Platycephalus richardsoni_lg",93
"757",37296001,"N43.2",391,10082803,"(null)","Platycephalus richardsoni","Tiger Flathead","y","Platycephalus richardsoni_lg",90
"758",37296001,"N43.2",316,10082780,"(null)","Platycephalus richardsoni","Tiger Flathead","y","Platycephalus richardsoni_lg",NA
"759",37296001,"N43.2",214,10082800,"(null)","Platycephalus richardsoni","Tiger Flathead","y","Platycephalus richardsoni_sm",129
"760",37296001,"N43.2",229,10082742,"(null)","Platycephalus richardsoni","Tiger Flathead","y","Platycephalus richardsoni_sm",122
"761",37330014,"N43.2",183,10082769,"(null)","Sillago flindersi","Eastern School Whiting","y","Sillago flindersi",NA
"762",37330014,"N43.2",164,10082768,"(null)","Sillago flindersi","Eastern School Whiting","y","Sillago flindersi",NA
"763",37330014,"N43.2",197,10082719,"(null)","Sillago flindersi","Eastern School Whiting","y","Sillago flindersi",NA
"764",37330014,"N43.2",223,10082722,"(null)","Sillago flindersi","Eastern School Whiting","y","Sillago flindersi",NA
"765",37330014,"N43.2",178,10082777,"(null)","Sillago flindersi","Eastern School Whiting","y","Sillago flindersi",NA
"766",37330014,"N43.2",214,10082671,"(null)","Sillago flindersi","Eastern School Whiting","y","Sillago flindersi",NA
"767",37330014,"N43.2",220,10082644,"(null)","Sillago flindersi","Eastern School Whiting","y","Sillago flindersi",NA
"768",37330014,"N43.2",158,10082752,"(null)","Sillago flindersi","Eastern School Whiting","y","Sillago flindersi",NA
"769",37330014,"N43.2",188,10082701,"(null)","Sillago flindersi","Eastern School Whiting","y","Sillago flindersi",NA
"770",37330014,"N43.2",165,10082672,"(null)","Sillago flindersi","Eastern School Whiting","y","Sillago flindersi",NA
"771",37038004,"N43.2",366,10081080,"(null)","Urolophus paucimaculatus","Sparsely-spotted Stingaree","y","Urolophus paucimaculatus",120
"772",37038004,"N43.2",380,10081110,"(null)","Urolophus paucimaculatus","Sparsely-spotted Stingaree","y","Urolophus paucimaculatus",111
"773",37038004,"N43.2",411,10082843,"developed eggs","Urolophus paucimaculatus","Sparsely-spotted Stingaree","y","Urolophus paucimaculatus",NA
"774",37038004,"N43.2",279,10082905,"(null)","Urolophus paucimaculatus","Sparsely-spotted Stingaree","y","Urolophus paucimaculatus",NA
"775",37038004,"N43.2",286,10081188,"(null)","Urolophus paucimaculatus","Sparsely-spotted Stingaree","y","Urolophus paucimaculatus",121
"776",37038004,"N43.2",370,10081170,"(null)","Urolophus paucimaculatus","Sparsely-spotted Stingaree","y","Urolophus paucimaculatus",115
"777",37038004,"N43.2",139,NA,"bagged whole","Urolophus paucimaculatus","Sparsely-spotted Stingaree","y","Urolophus paucimaculatus",NA
"778",37465006,"N43.2",295,10081146,"(null)","Nelusetta ayraud","Ocean Jacket","y","Nelusetta ayraud",103
"779",37465006,"N43.2",184,10081176,"(null)","Nelusetta ayraud","Ocean Jacket","y","Nelusetta ayraud",123
"780",37439002,"N43.3",286,10082008,"scavenging previous shot discards","Rexea solandri","Gemfish","y","Rexea solandri",130
"781",37465006,"N43.3",319,10082010,"scavenging previous shot discards","Nelusetta ayraud","Ocean Jacket","y","Nelusetta ayraud",108
"782",37465006,"N43.3",301,10081980,"scavenging previous shot discards","Nelusetta ayraud","Ocean Jacket","y","Nelusetta ayraud",NA
"783",37465006,"N43.3",274,10082011,"scavenging previous shot discards","Nelusetta ayraud","Ocean Jacket","y","Nelusetta ayraud",106
"784",37465006,"N43.3",337,10082007,"scavenging previous shot discards","Nelusetta ayraud","Ocean Jacket","y","Nelusetta ayraud",NA
"785",37465006,"N43.3",301,10081977,"scavenging previous shot discards","Nelusetta ayraud","Ocean Jacket","y","Nelusetta ayraud",109
"786",37465006,"N43.3",306,10082311,"scavenging previous shot discards","Nelusetta ayraud","Ocean Jacket","y","Nelusetta ayraud",NA
"787",37465006,"N43.3",301,10081953,"scavenging previous shot discards","Nelusetta ayraud","Ocean Jacket","y","Nelusetta ayraud",NA
"788",37465006,"N43.3",297,10081963,"scavenging previous shot discards","Nelusetta ayraud","Ocean Jacket","y","Nelusetta ayraud",NA
"789",37465006,"N43.3",402,10082361,"scavenging previous shot discards","Nelusetta ayraud","Ocean Jacket","y","Nelusetta ayraud",107
"790",37465006,"N43.3",196,10081962,"scavenging previous shot discards","Nelusetta ayraud","Ocean Jacket","y","Nelusetta ayraud",NA
"791",37038004,"N43.3",360,10082353,"developing eggs","Urolophus paucimaculatus","Sparsely-spotted Stingaree","y","Urolophus paucimaculatus",113
"792",37038004,"N43.3",255,10082396,"(null)","Urolophus paucimaculatus","Sparsely-spotted Stingaree","y","Urolophus paucimaculatus",114
"793",37038004,"N43.3",294,10082424,"developing eggs","Urolophus paucimaculatus","Sparsely-spotted Stingaree","y","Urolophus paucimaculatus",118
"794",37038004,"N43.3",354,10082281,"recently pupped","Urolophus paucimaculatus","Sparsely-spotted Stingaree","y","Urolophus paucimaculatus",NA
"795",37038004,"N43.3",329,10082363,"developing eggs","Urolophus paucimaculatus","Sparsely-spotted Stingaree","y","Urolophus paucimaculatus",112
"796",37038004,"N43.3",276,10081954,"developing eggs","Urolophus paucimaculatus","Sparsely-spotted Stingaree","y","Urolophus paucimaculatus",116
"797",37296001,"N45.1",473,10082919,"(null)","Platycephalus richardsoni","Tiger Flathead","y","Platycephalus richardsoni_lg",NA
"798",37296001,"N45.1",471,10082957,"(null)","Platycephalus richardsoni","Tiger Flathead","y","Platycephalus richardsoni_lg",NA
"799",37296001,"N45.1",272,10083059,"(null)","Platycephalus richardsoni","Tiger Flathead","y","Platycephalus richardsoni_sm",NA
"800",37287001,"N45.1",256,10082698,"(null)","Helicolenus percoides","Reef Ocean Perch","y","Helicolenus percoides",NA
"801",37287001,"N45.1",225,10082617,"(null)","Helicolenus percoides","Reef Ocean Perch","y","Helicolenus percoides",NA
"802",37287001,"N45.1",199,10083013,"(null)","Helicolenus percoides","Reef Ocean Perch","y","Helicolenus percoides",NA
"803",37287001,"N45.1",216,10082667,"(null)","Helicolenus percoides","Reef Ocean Perch","y","Helicolenus percoides",NA
"804",37287001,"N45.1",223,10082728,"(null)","Helicolenus percoides","Reef Ocean Perch","y","Helicolenus percoides",NA
"805",37287001,"N45.1",200,10082697,"(null)","Helicolenus percoides","Reef Ocean Perch","y","Helicolenus percoides",NA
"806",37439002,"N45.1",232,10083027,"gonad too small to sample","Rexea solandri","Gemfish","y","Rexea solandri",NA
"807",37228002,"N45.2",723,10082621,"(null)","Genypterus blacodes","Pink Ling","y","Genypterus blacodes",64
"808",37228002,"N45.2",629,10083146,"(null)","Genypterus blacodes","Pink Ling","y","Genypterus blacodes",68
"809",37228002,"N45.2",538,10083175,"(null)","Genypterus blacodes","Pink Ling","y","Genypterus blacodes",67
"810",37228002,"N45.2",483,10082647,"gonad too small","Genypterus blacodes","Pink Ling","y","Genypterus blacodes",70
"811",37228002,"N45.2",888,10082677,"(null)","Genypterus blacodes","Pink Ling","y","Genypterus blacodes",63
"812",37228002,"N45.2",581,10082817,"(null)","Genypterus blacodes","Pink Ling","y","Genypterus blacodes",71
"813",37228002,"N45.2",623,10082679,"(null)","Genypterus blacodes","Pink Ling","y","Genypterus blacodes",69
"814",37228002,"N45.2",547,10082788,"(null)","Genypterus blacodes","Pink Ling","y","Genypterus blacodes",65
"815",37227001,"N45.2",411,10082682,"(null)","Macruronus novaezelandiae","Blue Grenadier","y","Macruronus novaezelandiae",76
"816",37227001,"N45.2",438,10082932,"(null)","Macruronus novaezelandiae","Blue Grenadier","y","Macruronus novaezelandiae",77
"817",37227001,"N45.2",429,10082652,"(null)","Macruronus novaezelandiae","Blue Grenadier","y","Macruronus novaezelandiae",85
"818",37227001,"N45.2",412,10082712,"(null)","Macruronus novaezelandiae","Blue Grenadier","y","Macruronus novaezelandiae",86
"819",37227001,"N45.2",423,10082680,"(null)","Macruronus novaezelandiae","Blue Grenadier","y","Macruronus novaezelandiae",89
"820",37227001,"N45.2",439,10082648,"(null)","Macruronus novaezelandiae","Blue Grenadier","y","Macruronus novaezelandiae",66
"821",37227001,"N45.2",395,10082708,"(null)","Macruronus novaezelandiae","Blue Grenadier","y","Macruronus novaezelandiae",NA
"822",37227001,"N45.2",421,10082681,"(null)","Macruronus novaezelandiae","Blue Grenadier","y","Macruronus novaezelandiae",NA
"823",37227001,"N45.2",434,10082711,"(null)","Macruronus novaezelandiae","Blue Grenadier","y","Macruronus novaezelandiae",87
"824",37227001,"N45.2",417,10082651,"(null)","Macruronus novaezelandiae","Blue Grenadier","y","Macruronus novaezelandiae",NA
"825",37439002,"N45.2",253,10082685,"(null)","Rexea solandri","Gemfish","y","Rexea solandri",88
"826",37445006,"N45.3",270,10083075,"(null)","Seriolella punctata","Silver Warehou","y","Seriolella punctata",78
"827",37445006,"N45.3",279,10083078,"(null)","Seriolella punctata","Silver Warehou","y","Seriolella punctata",83
"828",37445006,"N45.3",304,10083042,"(null)","Seriolella punctata","Silver Warehou","y","Seriolella punctata",79
"829",37445006,"N45.3",256,10083012,"(null)","Seriolella punctata","Silver Warehou","y","Seriolella punctata",82
"830",37445006,"N45.3",277,10083073,"(null)","Seriolella punctata","Silver Warehou","y","Seriolella punctata",NA
"831",37445006,"N45.3",265,10083016,"(null)","Seriolella punctata","Silver Warehou","y","Seriolella punctata",NA
"832",37445006,"N45.3",276,10082616,"(null)","Seriolella punctata","Silver Warehou","y","Seriolella punctata",NA
"833",37439002,"N45.3",289,10083178,"(null)","Rexea solandri","Gemfish","y","Rexea solandri",84
"834",37439002,"N45.3",294,10083172,"gonad LOST","Rexea solandri","Gemfish","y","Rexea solandri",81
"835",37439002,"N45.3",278,10083171,"(null)","Rexea solandri","Gemfish","y","Rexea solandri",NA
"836",37439002,"N45.3",267,10083133,"(null)","Rexea solandri","Gemfish","y","Rexea solandri",NA
"837",37439002,"N45.3",250,10083102,"(null)","Rexea solandri","Gemfish","y","Rexea solandri",NA
"838",37439002,"N45.3",278,10083141,"(null)","Rexea solandri","Gemfish","y","Rexea solandri",80
"839",37439002,"N45.3",257,10083112,"(null)","Rexea solandri","Gemfish","y","Rexea solandri",NA
"840",37439002,"N45.3",273,10083164,"(null)","Rexea solandri","Gemfish","y","Rexea solandri",NA
"841",37439002,"N45.3",251,10083166,"(null)","Rexea solandri","Gemfish","y","Rexea solandri",NA
"842",37439002,"N45.3",237,10083136,"(null)","Rexea solandri","Gemfish","y","Rexea solandri",NA
"843",37228002,"N45.3",486,10083043,"(null)","Genypterus blacodes","Pink Ling","y","Genypterus blacodes",72
"844",37228002,"N45.3",588,10082628,"(null)","Genypterus blacodes","Pink Ling","y","Genypterus blacodes",73
"845",37228002,"N45.3",706,10082625,"(null)","Genypterus blacodes","Pink Ling","y","Genypterus blacodes",NA
"846",37227001,"N45.3",303,10082618,"(null)","Macruronus novaezelandiae","Blue Grenadier","y","Macruronus novaezelandiae",NA
"847",37227001,"N45.3",319,10082626,"(null)","Macruronus novaezelandiae","Blue Grenadier","y","Macruronus novaezelandiae",NA
"848",37227001,"N45.3",323,10082636,"(null)","Macruronus novaezelandiae","Blue Grenadier","y","Macruronus novaezelandiae",75
"849",37227001,"N45.3",332,10082630,"(null)","Macruronus novaezelandiae","Blue Grenadier","y","Macruronus novaezelandiae",NA
"850",37227001,"N45.3",315,10082635,"(null)","Macruronus novaezelandiae","Blue Grenadier","y","Macruronus novaezelandiae",NA
"851",37227001,"N45.3",92,10082638,"(null)","Macruronus novaezelandiae","Blue Grenadier","y","Macruronus novaezelandiae",NA
"852",37227001,"N45.3",283,10082629,"(null)","Macruronus novaezelandiae","Blue Grenadier","y","Macruronus novaezelandiae",NA
"853",37227001,"N45.3",286,10082627,"(null)","Macruronus novaezelandiae","Blue Grenadier","y","Macruronus novaezelandiae",NA
"854",37227001,"N45.3",336,10082624,"(null)","Macruronus novaezelandiae","Blue Grenadier","y","Macruronus novaezelandiae",74
"855",37227001,"N45.3",335,10082639,"(null)","Macruronus novaezelandiae","Blue Grenadier","y","Macruronus novaezelandiae",NA
